{
  "_fv": 33,
  "_type": "item",
  "definition": {
    "renderType": 0,
    "texture": "angel_ring_info",
    "customModelName": "Normal",
    "name": "Angel Ring",
    "rarity": "COMMON",
    "creativeTab": {
      "value": "CUSTOM:Tab"
    },
    "stackSize": 1,
    "enchantability": 0,
    "useDuration": 0,
    "toolType": 1.0,
    "damageCount": 0,
    "recipeRemainder": {
      "value": ""
    },
    "destroyAnyBlock": false,
    "immuneToFire": false,
    "stayInGridWhenCrafting": false,
    "damageOnCrafting": false,
    "enableMeleeDamage": false,
    "damageVsEntity": 0.0,
    "specialInfo": [
      "§fSeparately available as §eAngel Ring §fby DenisMasterHerobrine",
      "§7Right-click for the link!"
    ],
    "hasGlow": false,
    "guiBoundTo": "<NONE>",
    "inventorySize": 9,
    "inventoryStackSize": 64,
    "onRightClickedInAir": {
      "name": "AngelRingMessage"
    },
    "isFood": false,
    "nutritionalValue": 4,
    "saturation": 0.3,
    "eatResultItem": {
      "value": ""
    },
    "isMeat": false,
    "isAlwaysEdible": false,
    "animation": "eat"
  }
}