{
  "_fv": 33,
  "_type": "recipe",
  "definition": {
    "recipeType": "Crafting",
    "xpReward": 0.0,
    "cookingTime": 200,
    "recipeRetstackSize": 1,
    "group": "",
    "recipeShapeless": false,
    "recipeSlots": [
      {
        "value": "CUSTOM:BedrockiumIngot"
      },
      {
        "value": "Blocks.LIGHT_WEIGHTED_PRESSURE_PLATE"
      },
      {
        "value": "CUSTOM:BedrockiumIngot"
      },
      {
        "value": "CUSTOM:BedrockiumIngot"
      },
      {
        "value": "Blocks.CAULDRON"
      },
      {
        "value": "CUSTOM:BedrockiumIngot"
      },
      {
        "value": "CUSTOM:BedrockiumIngot"
      },
      {
        "value": "Blocks.LIGHT_WEIGHTED_PRESSURE_PLATE"
      },
      {
        "value": "CUSTOM:BedrockiumIngot"
      }
    ],
    "recipeReturnStack": {
      "value": "CUSTOM:BedrockDrum"
    },
    "name": "bedrock_drum_rcp",
    "namespace": "mod"
  }
}