{
  "_fv": 33,
  "_type": "recipe",
  "definition": {
    "recipeType": "Crafting",
    "xpReward": 0.0,
    "cookingTime": 200,
    "recipeRetstackSize": 1,
    "group": "",
    "recipeShapeless": false,
    "recipeSlots": [
      {
        "value": "CUSTOM:TripleCompressedCobblestone"
      },
      {
        "value": "CUSTOM:QuadrupleCompressedCobblestone"
      },
      {
        "value": "CUSTOM:TripleCompressedCobblestone"
      },
      {
        "value": "CUSTOM:QuadrupleCompressedCobblestone"
      },
      {
        "value": "Blocks.DIAMOND_BLOCK"
      },
      {
        "value": "CUSTOM:QuadrupleCompressedCobblestone"
      },
      {
        "value": "CUSTOM:TripleCompressedCobblestone"
      },
      {
        "value": "CUSTOM:QuadrupleCompressedCobblestone"
      },
      {
        "value": "CUSTOM:TripleCompressedCobblestone"
      }
    ],
    "recipeReturnStack": {
      "value": "CUSTOM:BedrockiumIngot"
    },
    "name": "bedrockium_ingot_rcp",
    "namespace": "mod"
  }
}