{
  "_fv": 33,
  "_type": "recipe",
  "definition": {
    "recipeType": "Crafting",
    "xpReward": 0.0,
    "cookingTime": 200,
    "recipeRetstackSize": 1,
    "group": "",
    "recipeShapeless": false,
    "recipeSlots": [
      {
        "value": "CUSTOM:CompressedSand"
      },
      {
        "value": "CUSTOM:CompressedSand"
      },
      {
        "value": "CUSTOM:CompressedSand"
      },
      {
        "value": "CUSTOM:CompressedSand"
      },
      {
        "value": "CUSTOM:CompressedSand"
      },
      {
        "value": "CUSTOM:CompressedSand"
      },
      {
        "value": "CUSTOM:CompressedSand"
      },
      {
        "value": "CUSTOM:CompressedSand"
      },
      {
        "value": "CUSTOM:CompressedSand"
      }
    ],
    "recipeReturnStack": {
      "value": "CUSTOM:DoubleCompressedSand"
    },
    "name": "comsand_1_rcp",
    "namespace": "mod"
  }
}