{
  "_fv": 33,
  "_type": "recipe",
  "definition": {
    "recipeType": "Crafting",
    "xpReward": 0.0,
    "cookingTime": 200,
    "recipeRetstackSize": 7,
    "group": "",
    "recipeShapeless": false,
    "recipeSlots": [
      {
        "value": "CUSTOM:CleanGlass"
      },
      {
        "value": ""
      },
      {
        "value": "CUSTOM:CleanGlass"
      },
      {
        "value": "CUSTOM:CleanGlass"
      },
      {
        "value": "CUSTOM:CleanGlass"
      },
      {
        "value": "CUSTOM:CleanGlass"
      },
      {
        "value": "CUSTOM:CleanGlass"
      },
      {
        "value": ""
      },
      {
        "value": "CUSTOM:CleanGlass"
      }
    ],
    "recipeReturnStack": {
      "value": "CUSTOM:CreeperGlass"
    },
    "name": "creeper_glass_rcp",
    "namespace": "mod"
  }
}