{
  "_fv": 33,
  "_type": "recipe",
  "definition": {
    "recipeType": "Crafting",
    "xpReward": 0.0,
    "cookingTime": 200,
    "recipeRetstackSize": 8,
    "group": "",
    "recipeShapeless": false,
    "recipeSlots": [
      {
        "value": "CUSTOM:CleanGlass"
      },
      {
        "value": "CUSTOM:CleanGlass"
      },
      {
        "value": "CUSTOM:CleanGlass"
      },
      {
        "value": "CUSTOM:CleanGlass"
      },
      {
        "value": "Items.DYE#16"
      },
      {
        "value": "CUSTOM:CleanGlass"
      },
      {
        "value": "CUSTOM:CleanGlass"
      },
      {
        "value": "CUSTOM:CleanGlass"
      },
      {
        "value": "CUSTOM:CleanGlass"
      }
    ],
    "recipeReturnStack": {
      "value": "CUSTOM:DarkGlass"
    },
    "name": "dark_glass_rcp",
    "namespace": "mod"
  }
}