{
  "_fv": 33,
  "_type": "item",
  "definition": {
    "renderType": 0,
    "texture": "divisionsigil",
    "customModelName": "Normal",
    "name": "Devision Sigil [Stable]",
    "rarity": "UNCOMMON",
    "creativeTab": {
      "value": "CUSTOM:Tab"
    },
    "stackSize": 1,
    "enchantability": 0,
    "useDuration": 0,
    "toolType": 1.0,
    "damageCount": 256,
    "recipeRemainder": {
      "value": ""
    },
    "destroyAnyBlock": false,
    "immuneToFire": false,
    "stayInGridWhenCrafting": true,
    "damageOnCrafting": true,
    "enableMeleeDamage": false,
    "damageVsEntity": 0.0,
    "specialInfo": [
      "§7ACTIVE",
      "§7Can be obtained by killing a Wither or an Enderdragon"
    ],
    "hasGlow": true,
    "guiBoundTo": "<NONE>",
    "inventorySize": 9,
    "inventoryStackSize": 64,
    "isFood": false,
    "nutritionalValue": 4,
    "saturation": 0.3,
    "eatResultItem": {
      "value": ""
    },
    "isMeat": false,
    "isAlwaysEdible": false,
    "animation": "eat"
  }
}