{
  "_fv": 33,
  "_type": "recipe",
  "definition": {
    "recipeType": "Crafting",
    "xpReward": 0.0,
    "cookingTime": 200,
    "recipeRetstackSize": 4,
    "group": "",
    "recipeShapeless": false,
    "recipeSlots": [
      {
        "value": ""
      },
      {
        "value": "Items.DIAMOND_SWORD"
      },
      {
        "value": ""
      },
      {
        "value": "Items.DIAMOND_SWORD"
      },
      {
        "value": "Items.DIAMOND"
      },
      {
        "value": "Items.DIAMOND_SWORD"
      },
      {
        "value": "Items.DIAMOND"
      },
      {
        "value": "Blocks.DIAMOND_BLOCK"
      },
      {
        "value": "Items.DIAMOND"
      }
    ],
    "recipeReturnStack": {
      "value": "CUSTOM:DiamondSpike"
    },
    "name": "diamond_spike_rcp",
    "namespace": "mod"
  }
}