{
  "_fv": 33,
  "_type": "recipe",
  "definition": {
    "recipeType": "Crafting",
    "xpReward": 0.0,
    "cookingTime": 200,
    "recipeRetstackSize": 1,
    "group": "",
    "recipeShapeless": false,
    "recipeSlots": [
      {
        "value": ""
      },
      {
        "value": "Items.ENCHANTED_BOOK"
      },
      {
        "value": ""
      },
      {
        "value": "Items.DIAMOND"
      },
      {
        "value": "CUSTOM:MachineBlock"
      },
      {
        "value": "Items.DIAMOND"
      },
      {
        "value": "Items.IRON_INGOT"
      },
      {
        "value": "Items.IRON_INGOT"
      },
      {
        "value": "Items.IRON_INGOT"
      }
    ],
    "recipeReturnStack": {
      "value": "CUSTOM:Enchanter"
    },
    "name": "enchanter_rcp",
    "namespace": "mod"
  }
}