{
  "_fv": 33,
  "_type": "block",
  "definition": {
    "texture": "enderquarry_bottom",
    "textureTop": "enderthermicpump_top",
    "textureLeft": "enderthermicpump_side",
    "textureFront": "enderthermicpump_side",
    "textureRight": "enderthermicpump_side",
    "textureBack": "enderthermicpump_side",
    "renderType": 10,
    "customModelName": "Normal",
    "rotationMode": 1,
    "enablePitch": false,
    "emissiveRendering": false,
    "displayFluidOverlay": false,
    "itemTexture": "",
    "particleTexture": "",
    "tintType": "No tint",
    "isItemTinted": false,
    "hasTransparency": false,
    "connectedSides": false,
    "transparencyType": "SOLID",
    "disableOffset": false,
    "boundingBoxes": [
      {
        "mx": 0.0,
        "my": 0.0,
        "mz": 0.0,
        "Mx": 16.0,
        "My": 16.0,
        "Mz": 16.0,
        "subtract": false
      }
    ],
    "name": "Ender Thermic Pump",
    "specialInfo": [],
    "hardness": 1.5,
    "resistance": 800.0,
    "hasGravity": false,
    "isWaterloggable": false,
    "creativeTab": {
      "value": "CUSTOM:Tab"
    },
    "destroyTool": "pickaxe",
    "customDrop": {
      "value": ""
    },
    "dropAmount": 1,
    "useLootTableForDrops": false,
    "requiresCorrectTool": false,
    "enchantPowerBonus": 0.0,
    "plantsGrowOn": false,
    "canRedstoneConnect": false,
    "lightOpacity": 15,
    "material": {
      "value": "IRON"
    },
    "tickRate": 1,
    "tickRandomly": false,
    "isReplaceable": false,
    "canProvidePower": false,
    "emittedRedstonePower": {
      "fixedValue": 15.0
    },
    "colorOnMap": "DEFAULT",
    "creativePickItem": {
      "value": ""
    },
    "offsetType": "NONE",
    "aiPathNodeType": "DEFAULT",
    "flammability": 0,
    "fireSpreadSpeed": 0,
    "isLadder": false,
    "slipperiness": 0.6,
    "speedFactor": 1.0,
    "jumpFactor": 1.0,
    "reactionToPushing": "NORMAL",
    "isNotColidable": false,
    "isCustomSoundType": false,
    "soundOnStep": {
      "value": "METAL"
    },
    "breakSound": {
      "value": ""
    },
    "fallSound": {
      "value": ""
    },
    "hitSound": {
      "value": ""
    },
    "placeSound": {
      "value": ""
    },
    "stepSound": {
      "value": ""
    },
    "luminance": 0,
    "unbreakable": false,
    "breakHarvestLevel": 2,
    "spawnParticles": false,
    "particleToSpawn": {
      "value": "CUSTOM:RainbowParticle"
    },
    "particleSpawningShape": "Spread",
    "particleSpawningRadious": 0.5,
    "particleAmount": 4,
    "hasInventory": true,
    "guiBoundTo": "<NONE>",
    "openGUIOnRightClick": false,
    "inventorySize": 0,
    "inventoryStackSize": 64,
    "inventoryDropWhenDestroyed": true,
    "inventoryComparatorPower": true,
    "inventoryOutSlotIDs": [
      0
    ],
    "inventoryInSlotIDs": [
      0
    ],
    "hasEnergyStorage": true,
    "energyInitial": 0,
    "energyCapacity": 10000000,
    "energyMaxReceive": 10000000,
    "energyMaxExtract": 10000000,
    "isFluidTank": true,
    "fluidCapacity": 64000,
    "fluidRestrictions": [
      {
        "value": "FLOWING_WATER"
      },
      {
        "value": "WATER"
      },
      {
        "value": "FLOWING_LAVA"
      },
      {
        "value": "LAVA"
      }
    ],
    "onRightClicked": {
      "name": "PumpRightClickedProcedure"
    },
    "onBlockAdded": {
      "name": "EnderThermicPumpBlockAdded"
    },
    "onNeighbourBlockChanges": {
      "name": "EnderQuarryNeighbourBlockChanges"
    },
    "onTickUpdate": {
      "name": "PumpUpdateTick"
    },
    "spawnWorldTypes": [],
    "restrictionBiomes": [],
    "blocksToReplace": [
      {
        "value": "Blocks.STONE"
      }
    ],
    "generationShape": "UNIFORM",
    "frequencyPerChunks": 10,
    "frequencyOnChunk": 16,
    "minGenerateHeight": 0,
    "maxGenerateHeight": 64
  }
}