{
  "_fv": 33,
  "_type": "recipe",
  "definition": {
    "recipeType": "Crafting",
    "xpReward": 0.0,
    "cookingTime": 200,
    "recipeRetstackSize": 1,
    "group": "",
    "recipeShapeless": false,
    "recipeSlots": [
      {
        "value": ""
      },
      {
        "value": ""
      },
      {
        "value": ""
      },
      {
        "value": "Blocks.RED_FLOWER"
      },
      {
        "value": "Items.ENDER_EYE"
      },
      {
        "value": "Blocks.RED_FLOWER"
      },
      {
        "value": ""
      },
      {
        "value": ""
      },
      {
        "value": ""
      }
    ],
    "recipeReturnStack": {
      "value": "CUSTOM:EnderLillyStage1"
    },
    "name": "ender_lilly_seed_rcp",
    "namespace": "mod"
  }
}