{
  "_fv": 33,
  "_type": "recipe",
  "definition": {
    "recipeType": "Crafting",
    "xpReward": 0.0,
    "cookingTime": 200,
    "recipeRetstackSize": 1,
    "group": "",
    "recipeShapeless": false,
    "recipeSlots": [
      {
        "value": "CUSTOM:EnderInfusedObsidian"
      },
      {
        "value": "Items.DIAMOND"
      },
      {
        "value": "CUSTOM:EnderInfusedObsidian"
      },
      {
        "value": "Items.LAVA_BUCKET"
      },
      {
        "value": "Items.ENDER_EYE"
      },
      {
        "value": "Items.WATER_BUCKET"
      },
      {
        "value": "CUSTOM:EnderInfusedObsidian"
      },
      {
        "value": "Items.IRON_PICKAXE"
      },
      {
        "value": "CUSTOM:EnderInfusedObsidian"
      }
    ],
    "recipeReturnStack": {
      "value": "CUSTOM:EnderThermicPump"
    },
    "name": "ender_thermic_pump_rcp",
    "namespace": "mod"
  }
}