{
  "_fv": 33,
  "_type": "tool",
  "definition": {
    "renderType": 0,
    "texture": "ethericsword",
    "customModelName": "Normal",
    "name": "Etheric Sword",
    "specialInfo": [],
    "creativeTab": {
      "value": "CUSTOM:Tab"
    },
    "toolType": "Sword",
    "harvestLevel": 4,
    "efficiency": 12.0,
    "attackSpeed": 19.0,
    "enchantability": 50,
    "damageVsEntity": 7.0,
    "usageCount": 1561,
    "blocksAffected": [],
    "hasGlow": false,
    "repairItems": [
      {
        "value": "CUSTOM:UnstableIngot"
      }
    ],
    "immuneToFire": true,
    "stayInGridWhenCrafting": false,
    "damageOnCrafting": false
  }
}