{
  "_fv": 33,
  "_type": "recipe",
  "definition": {
    "recipeType": "Crafting",
    "xpReward": 0.0,
    "cookingTime": 200,
    "recipeRetstackSize": 1,
    "group": "",
    "recipeShapeless": false,
    "recipeSlots": [
      {
        "value": "Items.GUNPOWDER"
      },
      {
        "value": "Items.GUNPOWDER"
      },
      {
        "value": "Items.GUNPOWDER"
      },
      {
        "value": "Items.GUNPOWDER"
      },
      {
        "value": "Blocks.TNT"
      },
      {
        "value": "Items.GUNPOWDER"
      },
      {
        "value": "Items.REDSTONE"
      },
      {
        "value": "CUSTOM:FurnaceGenerator"
      },
      {
        "value": "Items.REDSTONE"
      }
    ],
    "recipeReturnStack": {
      "value": "CUSTOM:TNTGenerator"
    },
    "name": "explosive_generator_rcp",
    "namespace": "mod"
  }
}