{
  "_fv": 33,
  "_type": "tool",
  "definition": {
    "renderType": 0,
    "texture": "fire_axe",
    "customModelName": "Normal",
    "name": "Fire Axe",
    "specialInfo": [],
    "creativeTab": {
      "value": "CUSTOM:Tab"
    },
    "toolType": "Axe",
    "harvestLevel": 4,
    "efficiency": 14.0,
    "attackSpeed": 5.0,
    "enchantability": 2,
    "damageVsEntity": 8.0,
    "usageCount": 0,
    "blocksAffected": [],
    "hasGlow": false,
    "repairItems": [
      {
        "value": "Items.NETHERITE_AXE"
      }
    ],
    "immuneToFire": true,
    "stayInGridWhenCrafting": false,
    "damageOnCrafting": false,
    "onBlockDestroyedWithTool": {
      "name": "FireAxeBlockDestroyedWithTool"
    }
  }
}