{
  "_fv": 33,
  "_type": "recipe",
  "definition": {
    "recipeType": "Crafting",
    "xpReward": 0.0,
    "cookingTime": 200,
    "recipeRetstackSize": 1,
    "group": "",
    "recipeShapeless": false,
    "recipeSlots": [
      {
        "value": "Items.BRICK"
      },
      {
        "value": "Items.BRICK"
      },
      {
        "value": "Items.BRICK"
      },
      {
        "value": "Items.BRICK"
      },
      {
        "value": "CUSTOM:MachineBlock"
      },
      {
        "value": "Items.BRICK"
      },
      {
        "value": "Items.BRICK"
      },
      {
        "value": "Items.BRICK"
      },
      {
        "value": "Items.BRICK"
      }
    ],
    "recipeReturnStack": {
      "value": "CUSTOM:Furnace"
    },
    "name": "furnace_rcp",
    "namespace": "mod"
  }
}