{
  "_fv": 33,
  "_type": "gui",
  "definition": {
    "type": 1,
    "width": 176,
    "height": 216,
    "inventoryOffsetX": 0,
    "inventoryOffsetY": 25,
    "renderBgLayer": true,
    "doesPauseGame": false,
    "components": [
      {
        "type": "label",
        "data": {
          "text": "Golden Bag of Holding",
          "color": {
            "value": -12829636,
            "falpha": 0.0
          },
          "name": "Golden Bag of Holding",
          "x": 133,
          "y": 18
        }
      },
      {
        "type": "inputslot",
        "data": {
          "inputLimit": {
            "value": ""
          },
          "id": 0,
          "disableStackInteraction": false,
          "dropItemsWhenNotBound": true,
          "name": "Slot #0",
          "x": 133,
          "y": 31
        }
      },
      {
        "type": "inputslot",
        "data": {
          "inputLimit": {
            "value": ""
          },
          "id": 1,
          "disableStackInteraction": false,
          "dropItemsWhenNotBound": true,
          "name": "Slot #1",
          "x": 151,
          "y": 31
        }
      },
      {
        "type": "inputslot",
        "data": {
          "inputLimit": {
            "value": ""
          },
          "id": 2,
          "disableStackInteraction": false,
          "dropItemsWhenNotBound": true,
          "name": "Slot #2",
          "x": 169,
          "y": 31
        }
      },
      {
        "type": "inputslot",
        "data": {
          "inputLimit": {
            "value": ""
          },
          "id": 3,
          "disableStackInteraction": false,
          "dropItemsWhenNotBound": true,
          "name": "Slot #3",
          "x": 187,
          "y": 31
        }
      },
      {
        "type": "inputslot",
        "data": {
          "inputLimit": {
            "value": ""
          },
          "id": 4,
          "disableStackInteraction": false,
          "dropItemsWhenNotBound": true,
          "name": "Slot #4",
          "x": 205,
          "y": 31
        }
      },
      {
        "type": "inputslot",
        "data": {
          "inputLimit": {
            "value": ""
          },
          "id": 5,
          "disableStackInteraction": false,
          "dropItemsWhenNotBound": true,
          "name": "Slot #5",
          "x": 223,
          "y": 31
        }
      },
      {
        "type": "inputslot",
        "data": {
          "inputLimit": {
            "value": ""
          },
          "id": 6,
          "disableStackInteraction": false,
          "dropItemsWhenNotBound": true,
          "name": "Slot #6",
          "x": 241,
          "y": 31
        }
      },
      {
        "type": "inputslot",
        "data": {
          "inputLimit": {
            "value": ""
          },
          "id": 7,
          "disableStackInteraction": false,
          "dropItemsWhenNotBound": true,
          "name": "Slot #7",
          "x": 259,
          "y": 31
        }
      },
      {
        "type": "inputslot",
        "data": {
          "inputLimit": {
            "value": ""
          },
          "id": 8,
          "disableStackInteraction": false,
          "dropItemsWhenNotBound": true,
          "name": "Slot #8",
          "x": 277,
          "y": 31
        }
      },
      {
        "type": "inputslot",
        "data": {
          "inputLimit": {
            "value": ""
          },
          "id": 9,
          "disableStackInteraction": false,
          "dropItemsWhenNotBound": true,
          "name": "Slot #9",
          "x": 133,
          "y": 49
        }
      },
      {
        "type": "inputslot",
        "data": {
          "inputLimit": {
            "value": ""
          },
          "id": 10,
          "disableStackInteraction": false,
          "dropItemsWhenNotBound": true,
          "name": "Slot #10",
          "x": 151,
          "y": 49
        }
      },
      {
        "type": "inputslot",
        "data": {
          "inputLimit": {
            "value": ""
          },
          "id": 11,
          "disableStackInteraction": false,
          "dropItemsWhenNotBound": true,
          "name": "Slot #11",
          "x": 169,
          "y": 49
        }
      },
      {
        "type": "inputslot",
        "data": {
          "inputLimit": {
            "value": ""
          },
          "id": 12,
          "disableStackInteraction": false,
          "dropItemsWhenNotBound": true,
          "name": "Slot #12",
          "x": 187,
          "y": 49
        }
      },
      {
        "type": "inputslot",
        "data": {
          "inputLimit": {
            "value": ""
          },
          "id": 13,
          "disableStackInteraction": false,
          "dropItemsWhenNotBound": true,
          "name": "Slot #13",
          "x": 205,
          "y": 49
        }
      },
      {
        "type": "inputslot",
        "data": {
          "inputLimit": {
            "value": ""
          },
          "id": 14,
          "disableStackInteraction": false,
          "dropItemsWhenNotBound": true,
          "name": "Slot #14",
          "x": 223,
          "y": 49
        }
      },
      {
        "type": "inputslot",
        "data": {
          "inputLimit": {
            "value": ""
          },
          "id": 15,
          "disableStackInteraction": false,
          "dropItemsWhenNotBound": true,
          "name": "Slot #15",
          "x": 241,
          "y": 49
        }
      },
      {
        "type": "inputslot",
        "data": {
          "inputLimit": {
            "value": ""
          },
          "id": 16,
          "disableStackInteraction": false,
          "dropItemsWhenNotBound": true,
          "name": "Slot #16",
          "x": 259,
          "y": 49
        }
      },
      {
        "type": "inputslot",
        "data": {
          "inputLimit": {
            "value": ""
          },
          "id": 17,
          "disableStackInteraction": false,
          "dropItemsWhenNotBound": true,
          "name": "Slot #17",
          "x": 277,
          "y": 49
        }
      },
      {
        "type": "inputslot",
        "data": {
          "inputLimit": {
            "value": ""
          },
          "id": 18,
          "disableStackInteraction": false,
          "dropItemsWhenNotBound": true,
          "name": "Slot #18",
          "x": 133,
          "y": 67
        }
      },
      {
        "type": "inputslot",
        "data": {
          "inputLimit": {
            "value": ""
          },
          "id": 19,
          "disableStackInteraction": false,
          "dropItemsWhenNotBound": true,
          "name": "Slot #19",
          "x": 151,
          "y": 67
        }
      },
      {
        "type": "inputslot",
        "data": {
          "inputLimit": {
            "value": ""
          },
          "id": 20,
          "disableStackInteraction": false,
          "dropItemsWhenNotBound": true,
          "name": "Slot #20",
          "x": 169,
          "y": 67
        }
      },
      {
        "type": "inputslot",
        "data": {
          "inputLimit": {
            "value": ""
          },
          "id": 21,
          "disableStackInteraction": false,
          "dropItemsWhenNotBound": true,
          "name": "Slot #21",
          "x": 187,
          "y": 67
        }
      },
      {
        "type": "inputslot",
        "data": {
          "inputLimit": {
            "value": ""
          },
          "id": 22,
          "disableStackInteraction": false,
          "dropItemsWhenNotBound": true,
          "name": "Slot #22",
          "x": 205,
          "y": 67
        }
      },
      {
        "type": "inputslot",
        "data": {
          "inputLimit": {
            "value": ""
          },
          "id": 23,
          "disableStackInteraction": false,
          "dropItemsWhenNotBound": true,
          "name": "Slot #23",
          "x": 223,
          "y": 67
        }
      },
      {
        "type": "inputslot",
        "data": {
          "inputLimit": {
            "value": ""
          },
          "id": 24,
          "disableStackInteraction": false,
          "dropItemsWhenNotBound": true,
          "name": "Slot #24",
          "x": 241,
          "y": 67
        }
      },
      {
        "type": "inputslot",
        "data": {
          "inputLimit": {
            "value": ""
          },
          "id": 25,
          "disableStackInteraction": false,
          "dropItemsWhenNotBound": true,
          "name": "Slot #25",
          "x": 259,
          "y": 67
        }
      },
      {
        "type": "inputslot",
        "data": {
          "inputLimit": {
            "value": ""
          },
          "id": 26,
          "disableStackInteraction": false,
          "dropItemsWhenNotBound": true,
          "name": "Slot #26",
          "x": 277,
          "y": 67
        }
      },
      {
        "type": "inputslot",
        "data": {
          "inputLimit": {
            "value": ""
          },
          "id": 27,
          "disableStackInteraction": false,
          "dropItemsWhenNotBound": true,
          "name": "Slot #27",
          "x": 133,
          "y": 85
        }
      },
      {
        "type": "inputslot",
        "data": {
          "inputLimit": {
            "value": ""
          },
          "id": 28,
          "disableStackInteraction": false,
          "dropItemsWhenNotBound": true,
          "name": "Slot #28",
          "x": 151,
          "y": 85
        }
      },
      {
        "type": "inputslot",
        "data": {
          "inputLimit": {
            "value": ""
          },
          "id": 29,
          "disableStackInteraction": false,
          "dropItemsWhenNotBound": true,
          "name": "Slot #29",
          "x": 169,
          "y": 85
        }
      },
      {
        "type": "inputslot",
        "data": {
          "inputLimit": {
            "value": ""
          },
          "id": 30,
          "disableStackInteraction": false,
          "dropItemsWhenNotBound": true,
          "name": "Slot #30",
          "x": 187,
          "y": 85
        }
      },
      {
        "type": "inputslot",
        "data": {
          "inputLimit": {
            "value": ""
          },
          "id": 31,
          "disableStackInteraction": false,
          "dropItemsWhenNotBound": true,
          "name": "Slot #31",
          "x": 205,
          "y": 85
        }
      },
      {
        "type": "inputslot",
        "data": {
          "inputLimit": {
            "value": ""
          },
          "id": 32,
          "disableStackInteraction": false,
          "dropItemsWhenNotBound": true,
          "name": "Slot #32",
          "x": 223,
          "y": 85
        }
      },
      {
        "type": "inputslot",
        "data": {
          "inputLimit": {
            "value": ""
          },
          "id": 33,
          "disableStackInteraction": false,
          "dropItemsWhenNotBound": true,
          "name": "Slot #33",
          "x": 241,
          "y": 85
        }
      },
      {
        "type": "inputslot",
        "data": {
          "inputLimit": {
            "value": ""
          },
          "id": 34,
          "disableStackInteraction": false,
          "dropItemsWhenNotBound": true,
          "name": "Slot #34",
          "x": 259,
          "y": 85
        }
      },
      {
        "type": "inputslot",
        "data": {
          "inputLimit": {
            "value": ""
          },
          "id": 35,
          "disableStackInteraction": false,
          "dropItemsWhenNotBound": true,
          "name": "Slot #35",
          "x": 277,
          "y": 85
        }
      },
      {
        "type": "inputslot",
        "data": {
          "inputLimit": {
            "value": ""
          },
          "id": 36,
          "disableStackInteraction": false,
          "dropItemsWhenNotBound": true,
          "name": "Slot #36",
          "x": 133,
          "y": 103
        }
      },
      {
        "type": "inputslot",
        "data": {
          "inputLimit": {
            "value": ""
          },
          "id": 37,
          "disableStackInteraction": false,
          "dropItemsWhenNotBound": true,
          "name": "Slot #37",
          "x": 151,
          "y": 103
        }
      },
      {
        "type": "inputslot",
        "data": {
          "inputLimit": {
            "value": ""
          },
          "id": 38,
          "disableStackInteraction": false,
          "dropItemsWhenNotBound": true,
          "name": "Slot #38",
          "x": 169,
          "y": 103
        }
      },
      {
        "type": "inputslot",
        "data": {
          "inputLimit": {
            "value": ""
          },
          "id": 39,
          "disableStackInteraction": false,
          "dropItemsWhenNotBound": true,
          "name": "Slot #39",
          "x": 187,
          "y": 103
        }
      },
      {
        "type": "inputslot",
        "data": {
          "inputLimit": {
            "value": ""
          },
          "id": 40,
          "disableStackInteraction": false,
          "dropItemsWhenNotBound": true,
          "name": "Slot #40",
          "x": 205,
          "y": 103
        }
      },
      {
        "type": "inputslot",
        "data": {
          "inputLimit": {
            "value": ""
          },
          "id": 41,
          "disableStackInteraction": false,
          "dropItemsWhenNotBound": true,
          "name": "Slot #41",
          "x": 223,
          "y": 103
        }
      },
      {
        "type": "inputslot",
        "data": {
          "inputLimit": {
            "value": ""
          },
          "id": 42,
          "disableStackInteraction": false,
          "dropItemsWhenNotBound": true,
          "name": "Slot #42",
          "x": 241,
          "y": 103
        }
      },
      {
        "type": "inputslot",
        "data": {
          "inputLimit": {
            "value": ""
          },
          "id": 43,
          "disableStackInteraction": false,
          "dropItemsWhenNotBound": true,
          "name": "Slot #43",
          "x": 259,
          "y": 103
        }
      },
      {
        "type": "inputslot",
        "data": {
          "inputLimit": {
            "value": ""
          },
          "id": 44,
          "disableStackInteraction": false,
          "dropItemsWhenNotBound": true,
          "name": "Slot #44",
          "x": 277,
          "y": 103
        }
      },
      {
        "type": "inputslot",
        "data": {
          "inputLimit": {
            "value": ""
          },
          "id": 45,
          "disableStackInteraction": false,
          "dropItemsWhenNotBound": true,
          "name": "Slot #45",
          "x": 133,
          "y": 121
        }
      },
      {
        "type": "inputslot",
        "data": {
          "inputLimit": {
            "value": ""
          },
          "id": 46,
          "disableStackInteraction": false,
          "dropItemsWhenNotBound": true,
          "name": "Slot #46",
          "x": 151,
          "y": 121
        }
      },
      {
        "type": "inputslot",
        "data": {
          "inputLimit": {
            "value": ""
          },
          "id": 47,
          "disableStackInteraction": false,
          "dropItemsWhenNotBound": true,
          "name": "Slot #47",
          "x": 169,
          "y": 121
        }
      },
      {
        "type": "inputslot",
        "data": {
          "inputLimit": {
            "value": ""
          },
          "id": 48,
          "disableStackInteraction": false,
          "dropItemsWhenNotBound": true,
          "name": "Slot #48",
          "x": 187,
          "y": 121
        }
      },
      {
        "type": "inputslot",
        "data": {
          "inputLimit": {
            "value": ""
          },
          "id": 49,
          "disableStackInteraction": false,
          "dropItemsWhenNotBound": true,
          "name": "Slot #49",
          "x": 205,
          "y": 121
        }
      },
      {
        "type": "inputslot",
        "data": {
          "inputLimit": {
            "value": ""
          },
          "id": 50,
          "disableStackInteraction": false,
          "dropItemsWhenNotBound": true,
          "name": "Slot #50",
          "x": 223,
          "y": 121
        }
      },
      {
        "type": "inputslot",
        "data": {
          "inputLimit": {
            "value": ""
          },
          "id": 51,
          "disableStackInteraction": false,
          "dropItemsWhenNotBound": true,
          "name": "Slot #51",
          "x": 241,
          "y": 121
        }
      },
      {
        "type": "inputslot",
        "data": {
          "inputLimit": {
            "value": ""
          },
          "id": 52,
          "disableStackInteraction": false,
          "dropItemsWhenNotBound": true,
          "name": "Slot #52",
          "x": 259,
          "y": 121
        }
      },
      {
        "type": "inputslot",
        "data": {
          "inputLimit": {
            "value": ""
          },
          "id": 53,
          "disableStackInteraction": false,
          "dropItemsWhenNotBound": true,
          "name": "Slot #53",
          "x": 277,
          "y": 121
        }
      }
    ],
    "gridSettings": {
      "sx": 18,
      "sy": 18,
      "ox": 11,
      "oy": 15,
      "snapOnGrid": false
    }
  }
}