{
  "_fv": 33,
  "_type": "recipe",
  "definition": {
    "recipeType": "Crafting",
    "xpReward": 0.0,
    "cookingTime": 200,
    "recipeRetstackSize": 1,
    "group": "",
    "recipeShapeless": false,
    "recipeSlots": [
      {
        "value": "Blocks.DROPPER"
      },
      {
        "value": "CUSTOM:RedstoneCrystal"
      },
      {
        "value": ""
      },
      {
        "value": "Items.IRON_PICKAXE"
      },
      {
        "value": ""
      },
      {
        "value": ""
      },
      {
        "value": ""
      },
      {
        "value": ""
      },
      {
        "value": ""
      }
    ],
    "recipeReturnStack": {
      "value": "CUSTOM:MechanicalMiner"
    },
    "name": "mech_miner_rcp",
    "namespace": "mod"
  }
}