{
  "_fv": 33,
  "_type": "gui",
  "definition": {
    "type": 1,
    "width": 176,
    "height": 166,
    "inventoryOffsetX": 0,
    "inventoryOffsetY": 0,
    "renderBgLayer": true,
    "doesPauseGame": false,
    "components": [
      {
        "type": "label",
        "data": {
          "text": "Mechanical Miner",
          "color": {
            "value": -12829636,
            "falpha": 0.0
          },
          "name": "Mechanical Miner",
          "x": 133,
          "y": 43
        }
      },
      {
        "type": "inputslot",
        "data": {
          "inputLimit": {
            "value": ""
          },
          "id": 0,
          "disableStackInteraction": false,
          "dropItemsWhenNotBound": true,
          "name": "Slot #0",
          "x": 186,
          "y": 56
        }
      },
      {
        "type": "inputslot",
        "data": {
          "inputLimit": {
            "value": ""
          },
          "id": 1,
          "disableStackInteraction": false,
          "dropItemsWhenNotBound": true,
          "name": "Slot #1",
          "x": 204,
          "y": 56
        }
      },
      {
        "type": "inputslot",
        "data": {
          "inputLimit": {
            "value": ""
          },
          "id": 2,
          "disableStackInteraction": false,
          "dropItemsWhenNotBound": true,
          "name": "Slot #2",
          "x": 222,
          "y": 56
        }
      },
      {
        "type": "inputslot",
        "data": {
          "inputLimit": {
            "value": ""
          },
          "id": 3,
          "disableStackInteraction": false,
          "dropItemsWhenNotBound": true,
          "name": "Slot #3",
          "x": 186,
          "y": 74
        }
      },
      {
        "type": "inputslot",
        "data": {
          "inputLimit": {
            "value": ""
          },
          "id": 4,
          "disableStackInteraction": false,
          "dropItemsWhenNotBound": true,
          "name": "Slot #4",
          "x": 204,
          "y": 74
        }
      },
      {
        "type": "inputslot",
        "data": {
          "inputLimit": {
            "value": ""
          },
          "id": 5,
          "disableStackInteraction": false,
          "dropItemsWhenNotBound": true,
          "name": "Slot #5",
          "x": 222,
          "y": 74
        }
      },
      {
        "type": "inputslot",
        "data": {
          "inputLimit": {
            "value": ""
          },
          "id": 6,
          "disableStackInteraction": false,
          "dropItemsWhenNotBound": true,
          "name": "Slot #6",
          "x": 186,
          "y": 92
        }
      },
      {
        "type": "inputslot",
        "data": {
          "inputLimit": {
            "value": ""
          },
          "id": 7,
          "disableStackInteraction": false,
          "dropItemsWhenNotBound": true,
          "name": "Slot #7",
          "x": 204,
          "y": 92
        }
      },
      {
        "type": "inputslot",
        "data": {
          "inputLimit": {
            "value": ""
          },
          "id": 8,
          "disableStackInteraction": false,
          "dropItemsWhenNotBound": true,
          "name": "Slot #8",
          "x": 222,
          "y": 92
        }
      },
      {
        "type": "inputslot",
        "data": {
          "inputLimit": {
            "value": ""
          },
          "id": 9,
          "disableStackInteraction": false,
          "dropItemsWhenNotBound": true,
          "name": "Slot #9",
          "x": 132,
          "y": 56
        }
      },
      {
        "type": "image",
        "data": {
          "image": "upgrade_icon.png",
          "use1Xscale": false,
          "name": "upgrade_icon.png",
          "x": 133,
          "y": 57
        }
      },
      {
        "type": "image",
        "data": {
          "image": "energy_bar_holder.png",
          "use1Xscale": false,
          "name": "energy_bar_holder.png",
          "x": 276,
          "y": 44
        }
      },
      {
        "type": "image",
        "data": {
          "image": "energybarfill.png",
          "use1Xscale": false,
          "name": "energybarfill.png",
          "x": 277,
          "y": 45
        }
      }
    ],
    "gridSettings": {
      "sx": 18,
      "sy": 18,
      "ox": 11,
      "oy": 15,
      "snapOnGrid": false
    }
  }
}