{
  "_fv": 33,
  "_type": "gui",
  "definition": {
    "type": 1,
    "width": 176,
    "height": 166,
    "inventoryOffsetX": 0,
    "inventoryOffsetY": 0,
    "renderBgLayer": true,
    "doesPauseGame": false,
    "components": [
      {
        "type": "label",
        "data": {
          "text": "Machanical User",
          "color": {
            "value": -12829636,
            "falpha": 0.0
          },
          "name": "Machanical User",
          "x": 133,
          "y": 42
        }
      },
      {
        "type": "inputslot",
        "data": {
          "inputLimit": {
            "value": ""
          },
          "id": 0,
          "disableStackInteraction": false,
          "dropItemsWhenNotBound": true,
          "name": "Slot #0",
          "x": 177,
          "y": 55
        }
      },
      {
        "type": "inputslot",
        "data": {
          "inputLimit": {
            "value": ""
          },
          "id": 1,
          "disableStackInteraction": false,
          "dropItemsWhenNotBound": true,
          "name": "Slot #1",
          "x": 195,
          "y": 55
        }
      },
      {
        "type": "inputslot",
        "data": {
          "inputLimit": {
            "value": ""
          },
          "id": 2,
          "disableStackInteraction": false,
          "dropItemsWhenNotBound": true,
          "name": "Slot #2",
          "x": 213,
          "y": 55
        }
      },
      {
        "type": "inputslot",
        "data": {
          "inputLimit": {
            "value": ""
          },
          "id": 3,
          "disableStackInteraction": false,
          "dropItemsWhenNotBound": true,
          "name": "Slot #3",
          "x": 231,
          "y": 55
        }
      },
      {
        "type": "inputslot",
        "data": {
          "inputLimit": {
            "value": ""
          },
          "id": 4,
          "disableStackInteraction": false,
          "dropItemsWhenNotBound": true,
          "name": "Slot #4",
          "x": 177,
          "y": 73
        }
      },
      {
        "type": "inputslot",
        "data": {
          "inputLimit": {
            "value": ""
          },
          "id": 5,
          "disableStackInteraction": false,
          "dropItemsWhenNotBound": true,
          "name": "Slot #5",
          "x": 195,
          "y": 73
        }
      },
      {
        "type": "inputslot",
        "data": {
          "inputLimit": {
            "value": ""
          },
          "id": 6,
          "disableStackInteraction": false,
          "dropItemsWhenNotBound": true,
          "name": "Slot #6",
          "x": 213,
          "y": 73
        }
      },
      {
        "type": "inputslot",
        "data": {
          "inputLimit": {
            "value": ""
          },
          "id": 7,
          "disableStackInteraction": false,
          "dropItemsWhenNotBound": true,
          "name": "Slot #7",
          "x": 231,
          "y": 73
        }
      },
      {
        "type": "inputslot",
        "data": {
          "inputLimit": {
            "value": ""
          },
          "id": 8,
          "disableStackInteraction": false,
          "dropItemsWhenNotBound": true,
          "name": "Slot #8",
          "x": 133,
          "y": 55
        }
      },
      {
        "type": "image",
        "data": {
          "image": "upgrade_icon.png",
          "use1Xscale": false,
          "name": "upgrade_icon.png",
          "x": 134,
          "y": 56
        }
      },
      {
        "type": "label",
        "data": {
          "text": "<BNBT:text:mode>",
          "color": {
            "value": -12829636,
            "falpha": 0.0
          },
          "name": "<BNBT:text:mode>",
          "x": 177,
          "y": 104
        }
      },
      {
        "type": "button",
        "data": {
          "text": "Toggle",
          "onClick": {
            "name": "ToggleButtonProcedure"
          },
          "width": 40,
          "height": 20,
          "name": "Toggle",
          "x": 133,
          "y": 98
        }
      },
      {
        "type": "image",
        "data": {
          "image": "energy_bar_holder.png",
          "use1Xscale": false,
          "name": "energy_bar_holder.png",
          "x": 276,
          "y": 44
        }
      },
      {
        "type": "image",
        "data": {
          "image": "energybarfill.png",
          "use1Xscale": false,
          "name": "energybarfill.png",
          "x": 277,
          "y": 45
        }
      }
    ],
    "gridSettings": {
      "sx": 18,
      "sy": 18,
      "ox": 11,
      "oy": 15,
      "snapOnGrid": false
    }
  }
}