{
  "_fv": 33,
  "_type": "recipe",
  "definition": {
    "recipeType": "Crafting",
    "xpReward": 0.0,
    "cookingTime": 200,
    "recipeRetstackSize": 1,
    "group": "",
    "recipeShapeless": false,
    "recipeSlots": [
      {
        "value": "Items.BLAZE_ROD"
      },
      {
        "value": "Items.BLAZE_ROD"
      },
      {
        "value": "Items.BLAZE_ROD"
      },
      {
        "value": "Items.BLAZE_ROD"
      },
      {
        "value": "Blocks.BREWING_STAND"
      },
      {
        "value": "Items.BLAZE_ROD"
      },
      {
        "value": "Items.REDSTONE"
      },
      {
        "value": "CUSTOM:FurnaceGenerator"
      },
      {
        "value": "Items.REDSTONE"
      }
    ],
    "recipeReturnStack": {
      "value": "CUSTOM:PotionGenerator1"
    },
    "name": "potion_generator_rcp",
    "namespace": "mod"
  }
}