{
  "_fv": 33,
  "_type": "tool",
  "definition": {
    "renderType": 0,
    "texture": "shears",
    "customModelName": "Normal",
    "name": "Precision Shears",
    "specialInfo": [],
    "creativeTab": {
      "value": "CUSTOM:Tab"
    },
    "toolType": "Shears",
    "harvestLevel": 1,
    "efficiency": 8.0,
    "attackSpeed": 1.0,
    "enchantability": 2,
    "damageVsEntity": 4.0,
    "usageCount": 0,
    "blocksAffected": [],
    "hasGlow": false,
    "repairItems": [],
    "immuneToFire": false,
    "stayInGridWhenCrafting": false,
    "damageOnCrafting": false
  }
}