{
  "_fv": 33,
  "_type": "recipe",
  "definition": {
    "recipeType": "Crafting",
    "xpReward": 0.0,
    "cookingTime": 200,
    "recipeRetstackSize": 1,
    "group": "",
    "recipeShapeless": false,
    "recipeSlots": [
      {
        "value": ""
      },
      {
        "value": ""
      },
      {
        "value": "CUSTOM:UnstableIngot"
      },
      {
        "value": ""
      },
      {
        "value": "Items.STICK"
      },
      {
        "value": "CUSTOM:UnstableIngot"
      },
      {
        "value": "CUSTOM:UnstableNugget"
      },
      {
        "value": ""
      },
      {
        "value": ""
      }
    ],
    "recipeReturnStack": {
      "value": "CUSTOM:ReinforcedGlassCutter"
    },
    "name": "reinforced_glass_cutter_rcp",
    "namespace": "mod"
  }
}