{
  "_fv": 33,
  "_type": "recipe",
  "definition": {
    "recipeType": "Crafting",
    "xpReward": 0.0,
    "cookingTime": 200,
    "recipeRetstackSize": 1,
    "group": "",
    "recipeShapeless": false,
    "recipeSlots": [
      {
        "value": "Items.DIAMOND"
      },
      {
        "value": "Blocks.LIGHT_WEIGHTED_PRESSURE_PLATE"
      },
      {
        "value": "Items.DIAMOND"
      },
      {
        "value": "Items.DIAMOND"
      },
      {
        "value": "CUSTOM:IronDrum"
      },
      {
        "value": "Items.DIAMOND"
      },
      {
        "value": "Items.DIAMOND"
      },
      {
        "value": "Blocks.LIGHT_WEIGHTED_PRESSURE_PLATE"
      },
      {
        "value": "Items.DIAMOND"
      }
    ],
    "recipeReturnStack": {
      "value": "CUSTOM:ReinforcedDrum"
    },
    "name": "reinforced_drum_rcp",
    "namespace": "mod"
  }
}