{
  "_fv": 33,
  "_type": "recipe",
  "definition": {
    "recipeType": "Crafting",
    "xpReward": 0.0,
    "cookingTime": 200,
    "recipeRetstackSize": 1,
    "group": "",
    "recipeShapeless": false,
    "recipeSlots": [
      {
        "value": "CUSTOM:EnderShard"
      },
      {
        "value": "Items.REDSTONE"
      },
      {
        "value": "Items.REDSTONE"
      },
      {
        "value": "Items.REDSTONE"
      },
      {
        "value": "Items.REDSTONE"
      },
      {
        "value": ""
      },
      {
        "value": ""
      },
      {
        "value": ""
      },
      {
        "value": ""
      }
    ],
    "recipeReturnStack": {
      "value": "CUSTOM:RedstoneCrystal"
    },
    "name": "resonating_redstone_crystal_rcp",
    "namespace": "mod"
  }
}