{
  "_fv": 33,
  "_type": "recipe",
  "definition": {
    "recipeType": "Crafting",
    "xpReward": 0.0,
    "cookingTime": 200,
    "recipeRetstackSize": 3,
    "group": "",
    "recipeShapeless": false,
    "recipeSlots": [
      {
        "value": "Items.DYE#4"
      },
      {
        "value": "Items.DYE#4"
      },
      {
        "value": "Items.DYE#4"
      },
      {
        "value": "CUSTOM:PolishedStone"
      },
      {
        "value": "CUSTOM:RedstoneCrystal"
      },
      {
        "value": "CUSTOM:PolishedStone"
      },
      {
        "value": ""
      },
      {
        "value": ""
      },
      {
        "value": ""
      }
    ],
    "recipeReturnStack": {
      "value": "CUSTOM:SolarPanel"
    },
    "name": "solar_panel_rcp",
    "namespace": "mod"
  }
}