{
  "_fv": 33,
  "_type": "recipe",
  "definition": {
    "recipeType": "Crafting",
    "xpReward": 0.0,
    "cookingTime": 200,
    "recipeRetstackSize": 5,
    "group": "",
    "recipeShapeless": false,
    "recipeSlots": [
      {
        "value": "CUSTOM:EtherealGlass"
      },
      {
        "value": ""
      },
      {
        "value": "CUSTOM:EtherealGlass"
      },
      {
        "value": ""
      },
      {
        "value": "CUSTOM:EtherealGlass"
      },
      {
        "value": ""
      },
      {
        "value": "CUSTOM:EtherealGlass"
      },
      {
        "value": ""
      },
      {
        "value": "CUSTOM:EtherealGlass"
      }
    ],
    "recipeReturnStack": {
      "value": "CUSTOM:SwirlingGlass"
    },
    "name": "swirling_glass_rcp",
    "namespace": "mod"
  }
}