{
  "_fv": 33,
  "_type": "item",
  "definition": {
    "renderType": 0,
    "texture": "pipe_wrench",
    "customModelName": "Normal",
    "name": "Wrench",
    "rarity": "COMMON",
    "creativeTab": {
      "value": "CUSTOM:Tab"
    },
    "stackSize": 1,
    "enchantability": 0,
    "useDuration": 0,
    "toolType": 1.0,
    "damageCount": 0,
    "recipeRemainder": {
      "value": ""
    },
    "destroyAnyBlock": false,
    "immuneToFire": false,
    "stayInGridWhenCrafting": false,
    "damageOnCrafting": false,
    "enableMeleeDamage": false,
    "damageVsEntity": 0.0,
    "specialInfo": [
      "§7*Sneak + Rightclick on Rainbow Generator to save it's coordinates. Then click on the generators to bind them!",
      "§7*Connects Wireless Battery and reciever!"
    ],
    "hasGlow": false,
    "guiBoundTo": "<NONE>",
    "inventorySize": 9,
    "inventoryStackSize": 64,
    "onRightClickedOnBlock": {
      "name": "WrenchClickedOnBlockProcedure"
    },
    "isFood": false,
    "nutritionalValue": 4,
    "saturation": 0.3,
    "eatResultItem": {
      "value": ""
    },
    "isMeat": false,
    "isAlwaysEdible": false,
    "animation": "eat"
  }
}