{
	"__comment": "Designed by Inzhefop with Cubik Studio - https://cubik.studio",
	"textures": {
		"particle": "blocks/e_particle",
		"texture": "blocks/chest_creative"
	},
	"elements": [ 	 
		{
			"__comment": "Box1",
			"from": [ 1, 0, 1 ],
			"to": [ 15, 14, 15 ],
			"faces": {
				"down": { "uv": [ 0.5, 0.5, 7.5, 7.5 ], "texture": "#texture" },
				"up": { "uv": [ 0.5, 0.5, 7.5, 7.5 ], "texture": "#texture" },
				"north": { "uv": [ 8.5, 1, 15.5, 8 ], "texture": "#texture" },
				"south": { "uv": [ 0.5, 9, 7.5, 16 ], "texture": "#texture" },
				"west": { "uv": [ 0.5, 9, 7.5, 16 ], "texture": "#texture" },
				"east": { "uv": [ 0.5, 9, 7.5, 16 ], "texture": "#texture" }
			}
		},
		{
			"__comment": "Box2",
			"from": [ 6, 6, 0 ],
			"to": [ 10, 11, 1 ],
			"faces": {
				"down": { "uv": [ 11, 2.5, 13, 3 ], "texture": "#texture" },
				"up": { "uv": [ 11, 2.5, 13, 3 ], "texture": "#texture" },
				"north": { "uv": [ 11, 2.5, 13, 5 ], "texture": "#texture" },
				"south": { "uv": [ 6, 4.5, 10, 9.5 ], "texture": "#texture" },
				"west": { "uv": [ 12.5, 2.5, 13, 5 ], "texture": "#texture" },
				"east": { "uv": [ 12.5, 2.5, 13, 5 ], "texture": "#texture" }
			}
		}
	],
	"display": {
		"thirdperson_righthand": {
			"rotation":  [ 75, 45, 0 ],
			"translation":  [ 0, 2.5, 0 ],
			"scale":  [ 0.375, 0.375, 0.375 ]
		},
		"thirdperson_lefthand": {
			"rotation":  [ 75, 45, 0 ],
			"translation":  [ 0, 2.5, 0 ],
			"scale":  [ 0.375, 0.375, 0.375 ]
		},
		"firstperson_righthand": {
			"rotation":  [ 0, 45, 0 ],
			"scale":  [ 0.4, 0.4, 0.4 ]
		},
		"firstperson_lefthand": {
			"rotation":  [ 0, 45, 0 ],
			"scale":  [ 0.4, 0.4, 0.4 ]
		},
		"gui": {
			"rotation":  [ 30, 225, 0 ],
			"scale":  [ 0.625, 0.625, 0.625 ]
		},
		"ground": {
			"translation":  [ 0, 3, 0 ],
			"scale":  [ 0.25, 0.25, 0.25 ]
		},
		"fixed": {
			"scale":  [ 0.5, 0.5, 0.5 ]
		}
	}
}