{
	"__comment": "Designed by Inzhefop with Cubik Studio - https://cubik.studio",
	"textures": {
		"particle": "blocks/e_particle",
		"texture": "blocks/chunker"
	},
	"elements": [ 	 
		{
			"__comment": "Box1",
			"from": [ 7, 0, 7 ],
			"to": [ 9, 6, 9 ],
			"faces": {
				"down": { "uv": [ 7, 7, 8, 8 ], "texture": "#texture" },
				"up": { "uv": [ 7, 7, 8, 8 ], "texture": "#texture" },
				"north": { "uv": [ 7, 4, 8, 7 ], "texture": "#texture" },
				"south": { "uv": [ 7, 4, 8, 7 ], "texture": "#texture" },
				"west": { "uv": [ 7, 4, 8, 7 ], "texture": "#texture" },
				"east": { "uv": [ 7, 4, 8, 7 ], "texture": "#texture" }
			}
		},
		{
			"__comment": "Box2",
			"from": [ 5, 6, 5 ],
			"to": [ 11, 12, 11 ],
			"faces": {
				"down": { "uv": [ 6, 0, 3, 3 ], "texture": "#texture" },
				"up": { "uv": [ 6, 3, 3, 0 ], "texture": "#texture" },
				"north": { "uv": [ 0, 0, 3, 3 ], "texture": "#texture" },
				"south": { "uv": [ 0, 3, 3, 6 ], "texture": "#texture" },
				"west": { "uv": [ 6, 0, 3, 3 ], "texture": "#texture", "rotation": 90 },
				"east": { "uv": [ 6, 0, 3, 3 ], "texture": "#texture", "rotation": 270 }
			}
		},
		{
			"__comment": "PlaneX3",
			"from": [ 0, 0, 8 ],
			"to": [ 16, 16, 8.001 ],
			"faces": {
				"north": { "uv": [ 0, 8.5, 8, 16 ], "texture": "#texture" },
				"south": { "uv": [ 0, 8.5, 8, 16 ], "texture": "#texture" }
			}
		}
	],
	"display": {
		"thirdperson_righthand": {
			"rotation":  [ 75, 45, 0 ],
			"translation":  [ 0, 2.5, 0 ],
			"scale":  [ 0.375, 0.375, 0.375 ]
		},
		"thirdperson_lefthand": {
			"rotation":  [ 75, 45, 0 ],
			"translation":  [ 0, 2.5, 0 ],
			"scale":  [ 0.375, 0.375, 0.375 ]
		},
		"firstperson_righthand": {
			"rotation":  [ 0, 45, 0 ],
			"scale":  [ 0.4, 0.4, 0.4 ]
		},
		"firstperson_lefthand": {
			"rotation":  [ 0, 45, 0 ],
			"scale":  [ 0.4, 0.4, 0.4 ]
		},
		"gui": {
			"rotation":  [ 30, 225, 0 ],
			"scale":  [ 0.9, 0.9, 0.9 ]
		},
		"ground": {
			"translation":  [ 0, 3, 0 ],
			"scale":  [ 0.25, 0.25, 0.25 ]
		},
		"fixed": {
			"scale":  [ 0.5, 0.5, 0.5 ]
		}
	}
}