{
	"__comment": "Designed by Inzhefop with Cubik Studio - https://cubik.studio",
	"textures": {
		"particle": "blocks/e_particle",
		"texture": "amazing"
	},
	"elements": [ 	 
		{
			"__comment": "PlaneZ1",
			"from": [ 4, 4, 5 ],
			"to": [ 12, 12, 5.001 ],
			"faces": {
				"north": { "uv": [ 0.5, 1, 7.5, 8 ], "texture": "#texture" },
				"south": { "uv": [ 0.5, 1, 7.5, 8 ], "texture": "#texture" }
			}
		},
		{
			"__comment": "PlaneZ2",
			"from": [ 11, 1, 7 ],
			"to": [ 15, 5, 7.001 ],
			"faces": {
				"north": { "uv": [ 8, 0, 16, 8 ], "texture": "#texture" },
				"south": { "uv": [ 8, 0, 16, 8 ], "texture": "#texture" }
			}
		},
		{
			"__comment": "PlaneZ2",
			"from": [ 1, 5, 3 ],
			"to": [ 5, 9, 3.001 ],
			"faces": {
				"north": { "uv": [ 8, 0, 16, 8 ], "texture": "#texture" },
				"south": { "uv": [ 8, 0, 16, 8 ], "texture": "#texture" }
			}
		},
		{
			"__comment": "PlaneZ2",
			"from": [ 2, 11, 7 ],
			"to": [ 6, 15, 7.001 ],
			"faces": {
				"north": { "uv": [ 8, 0, 16, 8 ], "texture": "#texture" },
				"south": { "uv": [ 8, 0, 16, 8 ], "texture": "#texture" }
			}
		},
		{
			"__comment": "PlaneZ2",
			"from": [ 10, 9, 2 ],
			"to": [ 14, 13, 2.001 ],
			"faces": {
				"north": { "uv": [ 8, 0, 16, 8 ], "texture": "#texture" },
				"south": { "uv": [ 8, 0, 16, 8 ], "texture": "#texture" }
			}
		}
	],
	"display": {
		"thirdperson_righthand": {
			"rotation":  [ 0, -90, 55 ],
			"translation":  [ 0, 4, 0.5 ],
			"scale":  [ 0.4, 0.4, 0.4 ]
		},
		"thirdperson_lefthand": {
			"rotation":  [ 0, -90, 55 ],
			"translation":  [ 0, 4, 0.5 ],
			"scale":  [ 0.4, 0.4, 0.4 ]
		},
		"firstperson_righthand": {
			"rotation":  [ 0, -90, 25 ],
			"translation":  [ 1.13, 3.2, 1.13 ],
			"scale":  [ 0.68, 0.68, 0.68 ]
		},
		"firstperson_lefthand": {
			"rotation":  [ 0, 90, -25 ],
			"translation":  [ 1.13, 3.2, 1.13 ],
			"scale":  [ 0.68, 0.68, 0.68 ]
		},
		"ground": {
			"translation":  [ 0, 2, 0 ],
			"scale":  [ 0.5, 0.5, 0.5 ]
		},
		"fixed": {
			"translation":  [ 0, 0, 2.7826 ]
		}
	}
}