{
	"__comment": "Designed by Inzhefop with Cubik Studio - https://cubik.studio",
	"textures": {
		"particle": "blocks/e_particle",
		"texture": "drum_creative"
	},
	"elements": [ 	 
		{
			"__comment": "Box1",
			"from": [ 2, 15, 2 ],
			"to": [ 14, 16, 14 ],
			"faces": {
				"down": { "uv": [ 9, 1, 15, 7 ], "texture": "#texture" },
				"up": { "uv": [ 9, 1, 15, 7 ], "texture": "#texture" },
				"north": { "uv": [ 1, 0, 7, 0.5 ], "texture": "#texture" },
				"south": { "uv": [ 1, 0, 7, 0.5 ], "texture": "#texture" },
				"west": { "uv": [ 1, 0, 7, 0.5 ], "texture": "#texture" },
				"east": { "uv": [ 1, 0, 7, 0.5 ], "texture": "#texture" }
			}
		},
		{
			"__comment": "Box3",
			"from": [ 3, 1, 3 ],
			"to": [ 13, 15, 13 ],
			"faces": {
				"down": { "uv": [ 3, 3, 13, 13 ], "texture": "#texture" },
				"up": { "uv": [ 3, 3, 13, 13 ], "texture": "#texture" },
				"north": { "uv": [ 1.5, 0.5, 6.5, 7.5 ], "texture": "#texture" },
				"south": { "uv": [ 1.5, 0.5, 6.5, 7.5 ], "texture": "#texture" },
				"west": { "uv": [ 1.5, 0.5, 6.5, 7.5 ], "texture": "#texture" },
				"east": { "uv": [ 1.5, 0.5, 6.5, 7.5 ], "texture": "#texture" }
			}
		},
		{
			"__comment": "Box1",
			"from": [ 2, 0, 2 ],
			"to": [ 14, 1, 14 ],
			"faces": {
				"down": { "uv": [ 9, 1, 15, 7 ], "texture": "#texture" },
				"up": { "uv": [ 9, 1, 15, 7 ], "texture": "#texture" },
				"north": { "uv": [ 1, 0, 7, 0.5 ], "texture": "#texture" },
				"south": { "uv": [ 1, 0, 7, 0.5 ], "texture": "#texture" },
				"west": { "uv": [ 1, 0, 7, 0.5 ], "texture": "#texture" },
				"east": { "uv": [ 1, 0, 7, 0.5 ], "texture": "#texture" }
			}
		}
	],
	"display": {
		"thirdperson_righthand": {
			"rotation":  [ 75, 45, 0 ],
			"translation":  [ 0, 2.5, 0 ],
			"scale":  [ 0.375, 0.375, 0.375 ]
		},
		"thirdperson_lefthand": {
			"rotation":  [ 75, 45, 0 ],
			"translation":  [ 0, 2.5, 0 ],
			"scale":  [ 0.375, 0.375, 0.375 ]
		},
		"firstperson_righthand": {
			"rotation":  [ 0, 45, 0 ],
			"scale":  [ 0.4, 0.4, 0.4 ]
		},
		"firstperson_lefthand": {
			"rotation":  [ 0, 45, 0 ],
			"scale":  [ 0.4, 0.4, 0.4 ]
		},
		"gui": {
			"rotation":  [ 30, 225, 0 ],
			"scale":  [ 0.625, 0.625, 0.625 ]
		},
		"ground": {
			"translation":  [ 0, 3, 0 ],
			"scale":  [ 0.25, 0.25, 0.25 ]
		},
		"fixed": {
			"scale":  [ 0.5, 0.5, 0.5 ]
		}
	}
}