{
	"__comment": "Designed by Inzhefop with Cubik Studio - https://cubik.studio",
	"textures": {
		"particle": "blocks/e_particle",
		"texture": "blocks/globe"
	},
	"elements": [ 	 
		{
			"__comment": "Box1",
			"from": [ 5, 0, 5 ],
			"to": [ 11, 1, 11 ],
			"faces": {
				"down": { "uv": [ 8, 0, 14, 6 ], "texture": "#texture" },
				"up": { "uv": [ 8, 0, 14, 6 ], "texture": "#texture" },
				"north": { "uv": [ 14, 0, 8, 1 ], "texture": "#texture" },
				"south": { "uv": [ 8, 5, 14, 6 ], "texture": "#texture" },
				"west": { "uv": [ 8, 0, 14, 1 ], "texture": "#texture" },
				"east": { "uv": [ 14, 5, 8, 6 ], "texture": "#texture" }
			}
		},
		{
			"__comment": "Box2",
			"from": [ 7, 1, 7 ],
			"to": [ 9, 4, 9 ],
			"faces": {
				"down": { "uv": [ 7, 7, 9, 9 ], "texture": "#texture" },
				"up": { "uv": [ 7, 7, 9, 9 ], "texture": "#texture" },
				"north": { "uv": [ 14, 5, 16, 8 ], "texture": "#texture" },
				"south": { "uv": [ 14, 5, 16, 8 ], "texture": "#texture" },
				"west": { "uv": [ 14, 5, 16, 8 ], "texture": "#texture" },
				"east": { "uv": [ 14, 5, 16, 8 ], "texture": "#texture" }
			}
		},
		{
			"__comment": "Box3",
			"from": [ 9, 2, 7 ],
			"to": [ 15, 4, 9 ],
			"faces": {
				"down": { "uv": [ 14, 0, 16, 6 ], "texture": "#texture", "rotation": 90 },
				"up": { "uv": [ 14, 0, 16, 6 ], "texture": "#texture", "rotation": 90 },
				"north": { "uv": [ 14, 0, 16, 6 ], "texture": "#texture", "rotation": 90 },
				"south": { "uv": [ 14, 0, 16, 6 ], "texture": "#texture", "rotation": 90 },
				"west": { "uv": [ 14, 0, 16, 2 ], "texture": "#texture" },
				"east": { "uv": [ 14, 0, 16, 2 ], "texture": "#texture" }
			}
		},
		{
			"__comment": "Box4",
			"from": [ 4, 5, 4 ],
			"to": [ 12, 13, 12 ],
			"faces": {
				"down": { "uv": [ 0, 0, 8, 8 ], "texture": "#texture" },
				"up": { "uv": [ 0, 0, 8, 8 ], "texture": "#texture" },
				"north": { "uv": [ 0, 0, 8, 8 ], "texture": "#texture" },
				"south": { "uv": [ 0, 0, 8, 8 ], "texture": "#texture" },
				"west": { "uv": [ 0, 0, 8, 8 ], "texture": "#texture" },
				"east": { "uv": [ 0, 0, 8, 8 ], "texture": "#texture" }
			}
		},
		{
			"__comment": "Box5",
			"from": [ 13, 4, 7 ],
			"to": [ 15, 14, 9 ],
			"faces": {
				"down": { "uv": [ 14, 0, 16, 8 ], "texture": "#texture" },
				"up": { "uv": [ 13, 7, 15, 9 ], "texture": "#texture" },
				"north": { "uv": [ 14, 0, 16, 8 ], "texture": "#texture" },
				"south": { "uv": [ 14, 0, 16, 8 ], "texture": "#texture" },
				"west": { "uv": [ 14, 0, 16, 8 ], "texture": "#texture" },
				"east": { "uv": [ 14, 0, 16, 8 ], "texture": "#texture" }
			}
		},
		{
			"__comment": "Box6",
			"from": [ 9, 14, 7 ],
			"to": [ 15, 16, 9 ],
			"faces": {
				"down": { "uv": [ 14, 0, 16, 6 ], "texture": "#texture", "rotation": 90 },
				"up": { "uv": [ 14, 0, 16, 6 ], "texture": "#texture", "rotation": 90 },
				"north": { "uv": [ 14, 0, 16, 6 ], "texture": "#texture", "rotation": 90 },
				"south": { "uv": [ 14, 0, 16, 6 ], "texture": "#texture", "rotation": 90 },
				"west": { "uv": [ 14, 0, 16, 2 ], "texture": "#texture" },
				"east": { "uv": [ 14, 0, 16, 2 ], "texture": "#texture" }
			}
		},
		{
			"__comment": "Box7",
			"from": [ 7, 4, 7 ],
			"to": [ 9, 5, 9 ],
			"faces": {
				"down": { "uv": [ 7, 7, 9, 9 ], "texture": "#texture" },
				"up": { "uv": [ 7, 7, 9, 9 ], "texture": "#texture" },
				"north": { "uv": [ 14, 7, 16, 8 ], "texture": "#texture" },
				"south": { "uv": [ 14, 7, 16, 8 ], "texture": "#texture" },
				"west": { "uv": [ 14, 7, 16, 8 ], "texture": "#texture" },
				"east": { "uv": [ 14, 7, 16, 8 ], "texture": "#texture" }
			}
		}
	],
	"display": {
		"thirdperson_righthand": {
			"rotation":  [ 75, 45, 0 ],
			"translation":  [ 0, 2.5, 0 ],
			"scale":  [ 0.375, 0.375, 0.375 ]
		},
		"thirdperson_lefthand": {
			"rotation":  [ 75, 45, 0 ],
			"translation":  [ 0, 2.5, 0 ],
			"scale":  [ 0.375, 0.375, 0.375 ]
		},
		"firstperson_righthand": {
			"rotation":  [ 0, 45, 0 ],
			"translation":  [ 0, 3.4782, 0 ],
			"scale":  [ 0.4, 0.4, 0.4 ]
		},
		"firstperson_lefthand": {
			"rotation":  [ 0, 45, 0 ],
			"translation":  [ 0, 3.4782, 0 ],
			"scale":  [ 0.4, 0.4, 0.4 ]
		},
		"gui": {
			"rotation":  [ 30, 44, 0 ],
			"scale":  [ 0.625, 0.625, 0.625 ]
		},
		"ground": {
			"translation":  [ 0, 3, 0 ],
			"scale":  [ 0.25, 0.25, 0.25 ]
		},
		"fixed": {
			"scale":  [ 0.5, 0.5, 0.5 ]
		}
	}
}