{
	"__comment": "Designed by Inzhefop with Cubik Studio - https://cubik.studio",
	"textures": {
		"particle": "blocks/e_particle",
		"texture": "blocks/rwtema_blade"
	},
	"elements": [ 	 
		{
			"__comment": "Box1",
			"from": [ 7.5, 0, 7.5 ],
			"to": [ 8.5, 4, 8.5 ],
			"faces": {
				"down": { "uv": [ 4.5, 10.5, 7, 13 ], "texture": "#texture" },
				"up": { "uv": [ 4.5, 10.5, 7, 13 ], "texture": "#texture" },
				"north": { "uv": [ 0, 0, 2.5, 8 ], "texture": "#texture" },
				"south": { "uv": [ 0, 0, 2.5, 8 ], "texture": "#texture" },
				"west": { "uv": [ 0, 0, 2.5, 8 ], "texture": "#texture" },
				"east": { "uv": [ 0, 0, 2.5, 8 ], "texture": "#texture" }
			}
		},
		{
			"__comment": "Box2",
			"from": [ 6.5, 4, 6.5 ],
			"to": [ 9.5, 4.8, 9.5 ],
			"faces": {
				"down": { "uv": [ 2.5, 8.5, 9, 15 ], "texture": "#texture" },
				"up": { "uv": [ 2.5, 0, 9, 6.5 ], "texture": "#texture" },
				"north": { "uv": [ 2.5, 6.5, 9, 8 ], "texture": "#texture" },
				"south": { "uv": [ 2.5, 6.5, 9, 8 ], "texture": "#texture" },
				"west": { "uv": [ 2.5, 6.5, 9, 8 ], "texture": "#texture" },
				"east": { "uv": [ 2.5, 6.5, 9, 8 ], "texture": "#texture" }
			}
		},
		{
			"__comment": "PlaneX3",
			"from": [ 8, 4.8, 7.5 ],
			"to": [ 8.001, 12.8, 8.5 ],
			"faces": {
				"west": { "uv": [ 11, 0, 9, 16 ], "texture": "#texture" },
				"east": { "uv": [ 9, 0, 11, 16 ], "texture": "#texture" }
			}
		},
		{
			"__comment": "PlaneX3",
			"from": [ 8, 16.8, 7.5 ],
			"to": [ 8.001, 20.8, 8.5 ],
			"faces": {
				"west": { "uv": [ 12, 0, 14, 8 ], "texture": "#texture", "rotation": 180 },
				"east": { "uv": [ 14, 0, 12, 8 ], "texture": "#texture", "rotation": 180 }
			}
		},
		{
			"__comment": "PlaneX3",
			"from": [ 8, 12.8, 7.5 ],
			"to": [ 8.001, 16.8, 8.5 ],
			"faces": {
				"west": { "uv": [ 2, 9, 0, 16 ], "texture": "#texture" },
				"east": { "uv": [ 0, 9, 2, 16 ], "texture": "#texture" }
			}
		}
	],
	"display": {
		"thirdperson_righthand": {
			"rotation":  [ 6, 180, 3 ],
			"translation":  [ 0, 6.2608, 2.0869 ],
			"scale":  [ 1.2, 1.2, 1.2 ]
		},
		"thirdperson_lefthand": {
			"rotation":  [ 6, 180, 3 ],
			"translation":  [ 0, 6.2608, 2.0869 ],
			"scale":  [ 1.2, 1.2, 1.2 ]
		},
		"firstperson_righthand": {
			"rotation":  [ -14, -20, 2 ],
			"translation":  [ -0.695, 5.9826, 1.13 ],
			"scale":  [ 0.68, 0.68, 0.68 ]
		},
		"firstperson_lefthand": {
			"rotation":  [ -14, -20, 2 ],
			"translation":  [ -0.695, 5.9826, 1.13 ],
			"scale":  [ 0.68, 0.68, 0.68 ]
		},
		"gui": {
			"rotation":  [ 30, 225, 0 ],
			"translation":  [ 0, 0.6963, 0 ]
		},
		"ground": {
			"translation":  [ 0, 2, 0 ],
			"scale":  [ 0.5, 0.5, 0.5 ]
		}
	}
}