{
	"__comment": "Designed by Inzhefop with Cubik Studio - https://cubik.studio",
	"textures": {
		"particle": "blocks/e_particle",
		"texture": "blocks/lunar_panel"
	},
	"elements": [ 	 
		{
			"__comment": "Box1",
			"from": [ 0, 0, 0 ],
			"to": [ 16, 4, 16 ],
			"faces": {
				"down": { "uv": [ 8, 0, 16, 8 ], "texture": "#texture" },
				"up": { "uv": [ 0, 0, 8, 8 ], "texture": "#texture" },
				"north": { "uv": [ 0, 8, 8, 10 ], "texture": "#texture" },
				"south": { "uv": [ 0, 8, 8, 10 ], "texture": "#texture" },
				"west": { "uv": [ 0, 8, 8, 10 ], "texture": "#texture" },
				"east": { "uv": [ 0, 8, 8, 10 ], "texture": "#texture" }
			}
		}
	],
	"display": {
		"thirdperson_righthand": {
			"rotation":  [ 75, 45, 0 ],
			"translation":  [ 0, 2.5, 0 ],
			"scale":  [ 0.375, 0.375, 0.375 ]
		},
		"thirdperson_lefthand": {
			"rotation":  [ 75, 45, 0 ],
			"translation":  [ 0, 2.5, 0 ],
			"scale":  [ 0.375, 0.375, 0.375 ]
		},
		"firstperson_righthand": {
			"rotation":  [ 0, 45, 0 ],
			"translation":  [ 0, 4.1739, 0 ],
			"scale":  [ 0.4, 0.4, 0.4 ]
		},
		"firstperson_lefthand": {
			"rotation":  [ 0, 45, 0 ],
			"translation":  [ 0, 4.1739, 0 ],
			"scale":  [ 0.4, 0.4, 0.4 ]
		},
		"gui": {
			"rotation":  [ 30, 225, 0 ],
			"scale":  [ 0.625, 0.625, 0.625 ]
		},
		"ground": {
			"translation":  [ 0, 3, 0 ],
			"scale":  [ 0.25, 0.25, 0.25 ]
		},
		"fixed": {
			"scale":  [ 0.5, 0.5, 0.5 ]
		}
	}
}