{
  "__comment": "Designed by Inzhefop with Cubik Studio - https://cubik.studio",
  "elements": [
    {
      "__comment": "Box1",
      "from": [
        7,
        0,
        7
      ],
      "to": [
        9,
        13,
        9
      ],
      "faces": {
        "down": {
          "uv": [
            7,
            14,
            9,
            16
          ],
          "texture": "#texture"
        },
        "up": {
          "uv": [
            7,
            3,
            9,
            5
          ],
          "texture": "#texture"
        },
        "north": {
          "uv": [
            7,
            3,
            9,
            16
          ],
          "texture": "#texture"
        },
        "south": {
          "uv": [
            7,
            3,
            9,
            16
          ],
          "texture": "#texture"
        },
        "west": {
          "uv": [
            7,
            3,
            9,
            16
          ],
          "texture": "#texture"
        },
        "east": {
          "uv": [
            7,
            3,
            9,
            16
          ],
          "texture": "#texture"
        }
      }
    }
  ],
  "display": {
    "thirdperson_righthand": {
      "rotation": [
        17,
        42,
        0
      ],
      "translation": [
        0.6956,
        1.8043,
        2.0869
      ],
      "scale": [
        0.5,
        0.5,
        0.5
      ]
    },
    "thirdperson_lefthand": {
      "rotation": [
        17,
        42,
        0
      ],
      "translation": [
        0.6956,
        1.8043,
        2.0869
      ],
      "scale": [
        0.5,
        0.5,
        0.5
      ]
    },
    "firstperson_righthand": {
      "rotation": [
        0,
        45,
        0
      ],
      "translation": [
        0,
        2.7826,
        0
      ],
      "scale": [
        0.4,
        0.4,
        0.4
      ]
    },
    "firstperson_lefthand": {
      "rotation": [
        0,
        45,
        0
      ],
      "translation": [
        0,
        2.7826,
        0
      ],
      "scale": [
        0.4,
        0.4,
        0.4
      ]
    },
    "gui": {
      "rotation": [
        30,
        225,
        0
      ],
      "translation": [
        0,
        0.6956,
        0
      ],
      "scale": [
        0.8,
        0.8,
        0.8
      ]
    },
    "ground": {
      "translation": [
        0,
        3,
        0
      ],
      "scale": [
        0.25,
        0.25,
        0.25
      ]
    },
    "fixed": {
      "scale": [
        0.5,
        0.5,
        0.5
      ]
    }
  }
}