{
	"__comment": "Designed by Inzhefop with Cubik Studio - https://cubik.studio",
	"textures": {
		"particle": "blocks/e_particle",
		"texture": "blocks/resonator_texture_model"
	},
	"elements": [ 	 
		{
			"__comment": "Box1",
			"from": [ 1, 0, 1 ],
			"to": [ 15, 14, 15 ],
			"faces": {
				"down": { "uv": [ 0.5, 8.5, 7.5, 15.5 ], "texture": "#texture" },
				"up": { "uv": [ 0.5, 8.5, 7.5, 15.5 ], "texture": "#texture" },
				"north": { "uv": [ 0.5, 8.5, 7.5, 15.5 ], "texture": "#texture" },
				"south": { "uv": [ 0.5, 8.5, 7.5, 15.5 ], "texture": "#texture" },
				"west": { "uv": [ 0.5, 8.5, 7.5, 15.5 ], "texture": "#texture" },
				"east": { "uv": [ 0.5, 8.5, 7.5, 15.5 ], "texture": "#texture" }
			}
		},
		{
			"__comment": "Box2",
			"from": [ 0, 14, 0 ],
			"to": [ 16, 15, 16 ],
			"faces": {
				"down": { "uv": [ 0, 8, 8, 16 ], "texture": "#texture" },
				"up": { "uv": [ 8, 8, 16, 16 ], "texture": "#texture" },
				"north": { "uv": [ 0, 0, 8, 0.5 ], "texture": "#texture" },
				"south": { "uv": [ 0, 0, 8, 0.5 ], "texture": "#texture" },
				"west": { "uv": [ 0, 0, 8, 0.5 ], "texture": "#texture" },
				"east": { "uv": [ 0, 0, 8, 0.5 ], "texture": "#texture" }
			}
		},
		{
			"__comment": "Box3",
			"from": [ 15, 8, 13 ],
			"to": [ 16, 13, 14 ],
			"faces": {
				"down": { "uv": [ 0, 0, 0.5, 0.5 ], "texture": "#texture", "rotation": 180 },
				"up": { "uv": [ 0, 0, 0.5, 0.5 ], "texture": "#texture", "rotation": 180 },
				"north": { "uv": [ 7.5, 3, 8, 5.5 ], "texture": "#texture" },
				"south": { "uv": [ 7.5, 3, 8, 5.5 ], "texture": "#texture" },
				"west": { "uv": [ 7.5, 3, 8, 5.5 ], "texture": "#texture" },
				"east": { "uv": [ 7.5, 3, 8, 5.5 ], "texture": "#texture" }
			}
		},
		{
			"__comment": "Box3",
			"from": [ 15, 8, 2 ],
			"to": [ 16, 13, 3 ],
			"faces": {
				"down": { "uv": [ 0, 0, 0.5, 0.5 ], "texture": "#texture", "rotation": 180 },
				"up": { "uv": [ 0, 0, 0.5, 0.5 ], "texture": "#texture", "rotation": 180 },
				"north": { "uv": [ 7.5, 3, 8, 5.5 ], "texture": "#texture" },
				"south": { "uv": [ 7.5, 3, 8, 5.5 ], "texture": "#texture" },
				"west": { "uv": [ 7.5, 3, 8, 5.5 ], "texture": "#texture" },
				"east": { "uv": [ 7.5, 3, 8, 5.5 ], "texture": "#texture" }
			}
		},
		{
			"__comment": "Box5",
			"from": [ 15, 12, 14 ],
			"to": [ 16, 13, 15 ],
			"faces": {
				"down": { "uv": [ 2.5, 3, 3, 3.5 ], "texture": "#texture", "rotation": 180 },
				"up": { "uv": [ 1, 1.5, 1.5, 2 ], "texture": "#texture", "rotation": 180 },
				"north": { "uv": [ 1, 1.5, 1.5, 2 ], "texture": "#texture" },
				"south": { "uv": [ 2.5, 3, 3, 3.5 ], "texture": "#texture" },
				"west": { "uv": [ 1, 1.5, 1.5, 2 ], "texture": "#texture" },
				"east": { "uv": [ 2.5, 3, 3, 3.5 ], "texture": "#texture" }
			}
		},
		{
			"__comment": "Box5",
			"from": [ 15, 10, 14 ],
			"to": [ 16, 11, 15 ],
			"faces": {
				"down": { "uv": [ 2.5, 3, 3, 3.5 ], "texture": "#texture", "rotation": 180 },
				"up": { "uv": [ 1, 1.5, 1.5, 2 ], "texture": "#texture", "rotation": 180 },
				"north": { "uv": [ 1, 1.5, 1.5, 2 ], "texture": "#texture" },
				"south": { "uv": [ 2.5, 3, 3, 3.5 ], "texture": "#texture" },
				"west": { "uv": [ 1, 1.5, 1.5, 2 ], "texture": "#texture" },
				"east": { "uv": [ 2.5, 3, 3, 3.5 ], "texture": "#texture" }
			}
		},
		{
			"__comment": "Box5",
			"from": [ 15, 8, 14 ],
			"to": [ 16, 9, 15 ],
			"faces": {
				"down": { "uv": [ 2.5, 3, 3, 3.5 ], "texture": "#texture", "rotation": 180 },
				"up": { "uv": [ 1, 1.5, 1.5, 2 ], "texture": "#texture", "rotation": 180 },
				"north": { "uv": [ 1, 1.5, 1.5, 2 ], "texture": "#texture" },
				"south": { "uv": [ 2.5, 3, 3, 3.5 ], "texture": "#texture" },
				"west": { "uv": [ 1, 1.5, 1.5, 2 ], "texture": "#texture" },
				"east": { "uv": [ 2.5, 3, 3, 3.5 ], "texture": "#texture" }
			}
		},
		{
			"__comment": "Box3",
			"from": [ 15, 10, 11 ],
			"to": [ 16, 13, 12 ],
			"faces": {
				"down": { "uv": [ 0, 0, 0.5, 0.5 ], "texture": "#texture", "rotation": 180 },
				"up": { "uv": [ 0, 0, 0.5, 0.5 ], "texture": "#texture", "rotation": 180 },
				"north": { "uv": [ 7.5, 3, 8, 4.5 ], "texture": "#texture" },
				"south": { "uv": [ 7.5, 3, 8, 4.5 ], "texture": "#texture" },
				"west": { "uv": [ 7.5, 3, 8, 4.5 ], "texture": "#texture" },
				"east": { "uv": [ 7.5, 3, 8, 4.5 ], "texture": "#texture" }
			}
		},
		{
			"__comment": "Box3",
			"from": [ 15, 10, 4 ],
			"to": [ 16, 13, 5 ],
			"faces": {
				"down": { "uv": [ 0, 0, 0.5, 0.5 ], "texture": "#texture", "rotation": 180 },
				"up": { "uv": [ 0, 0, 0.5, 0.5 ], "texture": "#texture", "rotation": 180 },
				"north": { "uv": [ 7.5, 3, 8, 4.5 ], "texture": "#texture" },
				"south": { "uv": [ 7.5, 3, 8, 4.5 ], "texture": "#texture" },
				"west": { "uv": [ 7.5, 3, 8, 4.5 ], "texture": "#texture" },
				"east": { "uv": [ 7.5, 3, 8, 4.5 ], "texture": "#texture" }
			}
		},
		{
			"__comment": "Box5",
			"from": [ 15, 12, 12 ],
			"to": [ 16, 13, 13 ],
			"faces": {
				"down": { "uv": [ 2.5, 3, 3, 3.5 ], "texture": "#texture", "rotation": 180 },
				"up": { "uv": [ 1, 1.5, 1.5, 2 ], "texture": "#texture", "rotation": 180 },
				"north": { "uv": [ 1, 1.5, 1.5, 2 ], "texture": "#texture" },
				"south": { "uv": [ 2.5, 3, 3, 3.5 ], "texture": "#texture" },
				"west": { "uv": [ 1, 1.5, 1.5, 2 ], "texture": "#texture" },
				"east": { "uv": [ 2.5, 3, 3, 3.5 ], "texture": "#texture" }
			}
		},
		{
			"__comment": "Box5",
			"from": [ 15, 10, 10 ],
			"to": [ 16, 11, 11 ],
			"faces": {
				"down": { "uv": [ 2.5, 3, 3, 3.5 ], "texture": "#texture", "rotation": 180 },
				"up": { "uv": [ 1, 1.5, 1.5, 2 ], "texture": "#texture", "rotation": 180 },
				"north": { "uv": [ 1, 1.5, 1.5, 2 ], "texture": "#texture" },
				"south": { "uv": [ 2.5, 3, 3, 3.5 ], "texture": "#texture" },
				"west": { "uv": [ 1, 1.5, 1.5, 2 ], "texture": "#texture" },
				"east": { "uv": [ 2.5, 3, 3, 3.5 ], "texture": "#texture" }
			}
		},
		{
			"__comment": "Box5",
			"from": [ 15, 12, 3 ],
			"to": [ 16, 13, 4 ],
			"faces": {
				"down": { "uv": [ 2.5, 3, 3, 3.5 ], "texture": "#texture", "rotation": 180 },
				"up": { "uv": [ 1, 1.5, 1.5, 2 ], "texture": "#texture", "rotation": 180 },
				"north": { "uv": [ 1, 1.5, 1.5, 2 ], "texture": "#texture" },
				"south": { "uv": [ 2.5, 3, 3, 3.5 ], "texture": "#texture" },
				"west": { "uv": [ 1, 1.5, 1.5, 2 ], "texture": "#texture" },
				"east": { "uv": [ 2.5, 3, 3, 3.5 ], "texture": "#texture" }
			}
		},
		{
			"__comment": "Box5",
			"from": [ 15, 10, 5 ],
			"to": [ 16, 11, 6 ],
			"faces": {
				"down": { "uv": [ 2.5, 3, 3, 3.5 ], "texture": "#texture", "rotation": 180 },
				"up": { "uv": [ 1, 1.5, 1.5, 2 ], "texture": "#texture", "rotation": 180 },
				"north": { "uv": [ 1, 1.5, 1.5, 2 ], "texture": "#texture" },
				"south": { "uv": [ 2.5, 3, 3, 3.5 ], "texture": "#texture" },
				"west": { "uv": [ 1, 1.5, 1.5, 2 ], "texture": "#texture" },
				"east": { "uv": [ 2.5, 3, 3, 3.5 ], "texture": "#texture" }
			}
		},
		{
			"__comment": "Box21",
			"from": [ 15, 1, 13 ],
			"to": [ 16, 7, 14 ],
			"faces": {
				"down": { "uv": [ 0, 0, 0.5, 0.5 ], "texture": "#texture", "rotation": 180 },
				"up": { "uv": [ 0, 0, 0.5, 0.5 ], "texture": "#texture", "rotation": 180 },
				"north": { "uv": [ 7, 0, 7.5, 3 ], "texture": "#texture" },
				"south": { "uv": [ 7, 0, 7.5, 3 ], "texture": "#texture" },
				"west": { "uv": [ 7, 0, 7.5, 3 ], "texture": "#texture" },
				"east": { "uv": [ 7, 0, 7.5, 3 ], "texture": "#texture" }
			}
		},
		{
			"__comment": "Box5",
			"from": [ 15, 6, 14 ],
			"to": [ 16, 7, 15 ],
			"faces": {
				"down": { "uv": [ 2.5, 3, 3, 3.5 ], "texture": "#texture", "rotation": 180 },
				"up": { "uv": [ 1, 1.5, 1.5, 2 ], "texture": "#texture", "rotation": 180 },
				"north": { "uv": [ 1, 1.5, 1.5, 2 ], "texture": "#texture" },
				"south": { "uv": [ 2.5, 3, 3, 3.5 ], "texture": "#texture" },
				"west": { "uv": [ 1, 1.5, 1.5, 2 ], "texture": "#texture" },
				"east": { "uv": [ 2.5, 3, 3, 3.5 ], "texture": "#texture" }
			}
		},
		{
			"__comment": "Box5",
			"from": [ 15, 4, 14 ],
			"to": [ 16, 5, 15 ],
			"faces": {
				"down": { "uv": [ 2.5, 3, 3, 3.5 ], "texture": "#texture", "rotation": 180 },
				"up": { "uv": [ 1, 1.5, 1.5, 2 ], "texture": "#texture", "rotation": 180 },
				"north": { "uv": [ 1, 1.5, 1.5, 2 ], "texture": "#texture" },
				"south": { "uv": [ 2.5, 3, 3, 3.5 ], "texture": "#texture" },
				"west": { "uv": [ 1, 1.5, 1.5, 2 ], "texture": "#texture" },
				"east": { "uv": [ 2.5, 3, 3, 3.5 ], "texture": "#texture" }
			}
		},
		{
			"__comment": "Box5",
			"from": [ 15, 2, 14 ],
			"to": [ 16, 3, 15 ],
			"faces": {
				"down": { "uv": [ 2.5, 3, 3, 3.5 ], "texture": "#texture", "rotation": 180 },
				"up": { "uv": [ 1, 1.5, 1.5, 2 ], "texture": "#texture", "rotation": 180 },
				"north": { "uv": [ 1, 1.5, 1.5, 2 ], "texture": "#texture" },
				"south": { "uv": [ 2.5, 3, 3, 3.5 ], "texture": "#texture" },
				"west": { "uv": [ 1, 1.5, 1.5, 2 ], "texture": "#texture" },
				"east": { "uv": [ 2.5, 3, 3, 3.5 ], "texture": "#texture" }
			}
		},
		{
			"__comment": "Box25",
			"from": [ 15, 5, 9 ],
			"to": [ 16, 6, 13 ],
			"faces": {
				"down": { "uv": [ 0, 0, 0.5, 2 ], "texture": "#texture", "rotation": 180 },
				"up": { "uv": [ 0, 0, 0.5, 2 ], "texture": "#texture", "rotation": 180 },
				"north": { "uv": [ 0, 3, 0.5, 3.5 ], "texture": "#texture" },
				"south": { "uv": [ 0, 3, 0.5, 3.5 ], "texture": "#texture" },
				"west": { "uv": [ 3, 3, 5, 3.5 ], "texture": "#texture" },
				"east": { "uv": [ 3, 3, 5, 3.5 ], "texture": "#texture" }
			}
		},
		{
			"__comment": "Box20",
			"from": [ 15, 2, 11 ],
			"to": [ 16, 3, 13 ],
			"faces": {
				"down": { "uv": [ 0, 3, 0.5, 4 ], "texture": "#texture", "rotation": 180 },
				"up": { "uv": [ 0, 3, 0.5, 4 ], "texture": "#texture", "rotation": 180 },
				"north": { "uv": [ 7, 2.5, 7.5, 3 ], "texture": "#texture" },
				"south": { "uv": [ 7, 2.5, 7.5, 3 ], "texture": "#texture" },
				"west": { "uv": [ 0, 3, 1, 3.5 ], "texture": "#texture" },
				"east": { "uv": [ 0, 3, 1, 3.5 ], "texture": "#texture" }
			}
		},
		{
			"__comment": "Box5",
			"from": [ 15, 3, 11 ],
			"to": [ 16, 4, 12 ],
			"faces": {
				"down": { "uv": [ 2.5, 3, 3, 3.5 ], "texture": "#texture", "rotation": 180 },
				"up": { "uv": [ 1, 1.5, 1.5, 2 ], "texture": "#texture", "rotation": 180 },
				"north": { "uv": [ 1, 1.5, 1.5, 2 ], "texture": "#texture" },
				"south": { "uv": [ 2.5, 3, 3, 3.5 ], "texture": "#texture" },
				"west": { "uv": [ 1, 1.5, 1.5, 2 ], "texture": "#texture" },
				"east": { "uv": [ 2.5, 3, 3, 3.5 ], "texture": "#texture" }
			}
		},
		{
			"__comment": "Box3",
			"from": [ 15, 10, 9 ],
			"to": [ 16, 14, 10 ],
			"faces": {
				"down": { "uv": [ 0, 0, 0.5, 0.5 ], "texture": "#texture" },
				"up": { "uv": [ 0, 0, 0.5, 0.5 ], "texture": "#texture" },
				"north": { "uv": [ 7.5, 3, 8, 5 ], "texture": "#texture" },
				"south": { "uv": [ 7.5, 3, 8, 5 ], "texture": "#texture" },
				"west": { "uv": [ 5.5, 2.5, 6, 4.5 ], "texture": "#texture" },
				"east": { "uv": [ 5.5, 2.5, 6, 4.5 ], "texture": "#texture" }
			}
		},
		{
			"__comment": "Box25",
			"from": [ 15, 5, 3 ],
			"to": [ 16, 6, 7 ],
			"faces": {
				"down": { "uv": [ 0, 0, 0.5, 2 ], "texture": "#texture" },
				"up": { "uv": [ 0, 0, 0.5, 2 ], "texture": "#texture" },
				"north": { "uv": [ 0, 3, 0.5, 3.5 ], "texture": "#texture" },
				"south": { "uv": [ 0, 3, 0.5, 3.5 ], "texture": "#texture" },
				"west": { "uv": [ 3, 3, 5, 3.5 ], "texture": "#texture" },
				"east": { "uv": [ 3, 3, 5, 3.5 ], "texture": "#texture" }
			}
		},
		{
			"__comment": "Box20",
			"from": [ 15, 2, 3 ],
			"to": [ 16, 3, 5 ],
			"faces": {
				"down": { "uv": [ 0, 3, 0.5, 4 ], "texture": "#texture" },
				"up": { "uv": [ 0, 3, 0.5, 4 ], "texture": "#texture" },
				"north": { "uv": [ 7, 2.5, 7.5, 3 ], "texture": "#texture" },
				"south": { "uv": [ 7, 2.5, 7.5, 3 ], "texture": "#texture" },
				"west": { "uv": [ 0, 3, 1, 3.5 ], "texture": "#texture" },
				"east": { "uv": [ 0, 3, 1, 3.5 ], "texture": "#texture" }
			}
		},
		{
			"__comment": "Box5",
			"from": [ 15, 3, 4 ],
			"to": [ 16, 4, 5 ],
			"faces": {
				"down": { "uv": [ 2.5, 3, 3, 3.5 ], "texture": "#texture" },
				"up": { "uv": [ 1, 1.5, 1.5, 2 ], "texture": "#texture" },
				"north": { "uv": [ 2.5, 3, 3, 3.5 ], "texture": "#texture" },
				"south": { "uv": [ 1, 1.5, 1.5, 2 ], "texture": "#texture" },
				"west": { "uv": [ 2.5, 3, 3, 3.5 ], "texture": "#texture" },
				"east": { "uv": [ 1, 1.5, 1.5, 2 ], "texture": "#texture" }
			}
		},
		{
			"__comment": "Box21",
			"from": [ 15, 1, 2 ],
			"to": [ 16, 7, 3 ],
			"faces": {
				"down": { "uv": [ 0, 0, 0.5, 0.5 ], "texture": "#texture" },
				"up": { "uv": [ 0, 0, 0.5, 0.5 ], "texture": "#texture" },
				"north": { "uv": [ 7, 0, 7.5, 3 ], "texture": "#texture" },
				"south": { "uv": [ 7, 0, 7.5, 3 ], "texture": "#texture" },
				"west": { "uv": [ 7, 0, 7.5, 3 ], "texture": "#texture" },
				"east": { "uv": [ 7, 0, 7.5, 3 ], "texture": "#texture" }
			}
		},
		{
			"__comment": "Box20",
			"from": [ 15, 8, 8 ],
			"to": [ 16, 9, 10 ],
			"faces": {
				"down": { "uv": [ 0, 3, 0.5, 4 ], "texture": "#texture", "rotation": 180 },
				"up": { "uv": [ 0, 3, 0.5, 4 ], "texture": "#texture", "rotation": 180 },
				"north": { "uv": [ 7, 2.5, 7.5, 3 ], "texture": "#texture" },
				"south": { "uv": [ 7, 2.5, 7.5, 3 ], "texture": "#texture" },
				"west": { "uv": [ 0, 3, 1, 3.5 ], "texture": "#texture" },
				"east": { "uv": [ 0, 3, 1, 3.5 ], "texture": "#texture" }
			}
		},
		{
			"__comment": "Box20",
			"from": [ 15, 7, 6 ],
			"to": [ 16, 8, 8 ],
			"faces": {
				"down": { "uv": [ 0, 3, 0.5, 4 ], "texture": "#texture", "rotation": 180 },
				"up": { "uv": [ 0, 3, 0.5, 4 ], "texture": "#texture", "rotation": 180 },
				"north": { "uv": [ 7, 2.5, 7.5, 3 ], "texture": "#texture" },
				"south": { "uv": [ 7, 2.5, 7.5, 3 ], "texture": "#texture" },
				"west": { "uv": [ 0, 3, 1, 3.5 ], "texture": "#texture" },
				"east": { "uv": [ 0, 3, 1, 3.5 ], "texture": "#texture" }
			}
		},
		{
			"__comment": "Box5",
			"from": [ 15, 7, 9 ],
			"to": [ 16, 8, 10 ],
			"faces": {
				"down": { "uv": [ 2.5, 3, 3, 3.5 ], "texture": "#texture", "rotation": 180 },
				"up": { "uv": [ 1, 1.5, 1.5, 2 ], "texture": "#texture", "rotation": 180 },
				"north": { "uv": [ 1, 1.5, 1.5, 2 ], "texture": "#texture" },
				"south": { "uv": [ 2.5, 3, 3, 3.5 ], "texture": "#texture" },
				"west": { "uv": [ 1, 1.5, 1.5, 2 ], "texture": "#texture" },
				"east": { "uv": [ 2.5, 3, 3, 3.5 ], "texture": "#texture" }
			}
		},
		{
			"__comment": "Box5",
			"from": [ 15, 8, 6 ],
			"to": [ 16, 9, 7 ],
			"faces": {
				"down": { "uv": [ 2.5, 3, 3, 3.5 ], "texture": "#texture", "rotation": 180 },
				"up": { "uv": [ 1, 1.5, 1.5, 2 ], "texture": "#texture", "rotation": 180 },
				"north": { "uv": [ 1, 1.5, 1.5, 2 ], "texture": "#texture" },
				"south": { "uv": [ 2.5, 3, 3, 3.5 ], "texture": "#texture" },
				"west": { "uv": [ 1, 1.5, 1.5, 2 ], "texture": "#texture" },
				"east": { "uv": [ 2.5, 3, 3, 3.5 ], "texture": "#texture" }
			}
		},
		{
			"__comment": "Box3",
			"from": [ 15, 0, 9 ],
			"to": [ 16, 5, 10 ],
			"faces": {
				"down": { "uv": [ 0, 0, 0.5, 0.5 ], "texture": "#texture" },
				"up": { "uv": [ 0, 0, 0.5, 0.5 ], "texture": "#texture" },
				"north": { "uv": [ 7.5, 3, 8, 5.5 ], "texture": "#texture" },
				"south": { "uv": [ 7.5, 3, 8, 5.5 ], "texture": "#texture" },
				"west": { "uv": [ 7.5, 3, 8, 5.5 ], "texture": "#texture" },
				"east": { "uv": [ 7.5, 3, 8, 5.5 ], "texture": "#texture" }
			}
		},
		{
			"__comment": "Box3",
			"from": [ 15, 0, 6 ],
			"to": [ 16, 5, 7 ],
			"faces": {
				"down": { "uv": [ 0, 0, 0.5, 0.5 ], "texture": "#texture" },
				"up": { "uv": [ 0, 0, 0.5, 0.5 ], "texture": "#texture" },
				"north": { "uv": [ 7.5, 3, 8, 5.5 ], "texture": "#texture" },
				"south": { "uv": [ 7.5, 3, 8, 5.5 ], "texture": "#texture" },
				"west": { "uv": [ 7.5, 3, 8, 5.5 ], "texture": "#texture" },
				"east": { "uv": [ 7.5, 3, 8, 5.5 ], "texture": "#texture" }
			}
		},
		{
			"__comment": "Box3",
			"from": [ 15, 10, 6 ],
			"to": [ 16, 14, 7 ],
			"faces": {
				"down": { "uv": [ 0, 0, 0.5, 0.5 ], "texture": "#texture" },
				"up": { "uv": [ 0, 0, 0.5, 0.5 ], "texture": "#texture" },
				"north": { "uv": [ 7.5, 3, 8, 5 ], "texture": "#texture" },
				"south": { "uv": [ 7.5, 3, 8, 5 ], "texture": "#texture" },
				"west": { "uv": [ 5.5, 2.5, 6, 4.5 ], "texture": "#texture" },
				"east": { "uv": [ 5.5, 2.5, 6, 4.5 ], "texture": "#texture" }
			}
		},
		{
			"__comment": "Box20",
			"from": [ 15, 11, 7 ],
			"to": [ 16, 12, 9 ],
			"faces": {
				"down": { "uv": [ 0, 3, 0.5, 4 ], "texture": "#texture", "rotation": 180 },
				"up": { "uv": [ 0, 3, 0.5, 4 ], "texture": "#texture", "rotation": 180 },
				"north": { "uv": [ 7, 2.5, 7.5, 3 ], "texture": "#texture" },
				"south": { "uv": [ 7, 2.5, 7.5, 3 ], "texture": "#texture" },
				"west": { "uv": [ 0, 3, 1, 3.5 ], "texture": "#texture" },
				"east": { "uv": [ 0, 3, 1, 3.5 ], "texture": "#texture" }
			}
		},
		{
			"__comment": "Box20",
			"from": [ 15, 12, 0 ],
			"to": [ 16, 13, 2 ],
			"faces": {
				"down": { "uv": [ 2, 2.5, 2.5, 3.5 ], "texture": "#texture" },
				"up": { "uv": [ 2, 2.5, 2.5, 3.5 ], "texture": "#texture" },
				"north": { "uv": [ 5.5, 3, 6, 3.5 ], "texture": "#texture" },
				"south": { "uv": [ 5.5, 3, 6, 3.5 ], "texture": "#texture" },
				"west": { "uv": [ 5, 5, 6, 5.5 ], "texture": "#texture" },
				"east": { "uv": [ 5, 5, 6, 5.5 ], "texture": "#texture" }
			}
		},
		{
			"__comment": "Box20",
			"from": [ 15, 8, 0 ],
			"to": [ 16, 9, 2 ],
			"faces": {
				"down": { "uv": [ 2, 2.5, 2.5, 3.5 ], "texture": "#texture" },
				"up": { "uv": [ 2, 2.5, 2.5, 3.5 ], "texture": "#texture" },
				"north": { "uv": [ 5.5, 3, 6, 3.5 ], "texture": "#texture" },
				"south": { "uv": [ 5.5, 3, 6, 3.5 ], "texture": "#texture" },
				"west": { "uv": [ 5, 5, 6, 5.5 ], "texture": "#texture" },
				"east": { "uv": [ 5, 5, 6, 5.5 ], "texture": "#texture" }
			}
		},
		{
			"__comment": "Box20",
			"from": [ 15, 4, 0 ],
			"to": [ 16, 5, 2 ],
			"faces": {
				"down": { "uv": [ 2, 2.5, 2.5, 3.5 ], "texture": "#texture" },
				"up": { "uv": [ 2, 2.5, 2.5, 3.5 ], "texture": "#texture" },
				"north": { "uv": [ 5.5, 3, 6, 3.5 ], "texture": "#texture" },
				"south": { "uv": [ 5.5, 3, 6, 3.5 ], "texture": "#texture" },
				"west": { "uv": [ 5, 5, 6, 5.5 ], "texture": "#texture" },
				"east": { "uv": [ 5, 5, 6, 5.5 ], "texture": "#texture" }
			}
		},
		{
			"__comment": "Box20",
			"from": [ 15, 10, 0 ],
			"to": [ 16, 11, 2 ],
			"faces": {
				"down": { "uv": [ 2, 2.5, 2.5, 3.5 ], "texture": "#texture" },
				"up": { "uv": [ 2, 2.5, 2.5, 3.5 ], "texture": "#texture" },
				"north": { "uv": [ 5.5, 3, 6, 3.5 ], "texture": "#texture" },
				"south": { "uv": [ 5.5, 3, 6, 3.5 ], "texture": "#texture" },
				"west": { "uv": [ 5, 5, 6, 5.5 ], "texture": "#texture" },
				"east": { "uv": [ 5, 5, 6, 5.5 ], "texture": "#texture" }
			}
		},
		{
			"__comment": "Box20",
			"from": [ 15, 6, 0 ],
			"to": [ 16, 7, 2 ],
			"faces": {
				"down": { "uv": [ 2, 2.5, 2.5, 3.5 ], "texture": "#texture" },
				"up": { "uv": [ 2, 2.5, 2.5, 3.5 ], "texture": "#texture" },
				"north": { "uv": [ 5.5, 3, 6, 3.5 ], "texture": "#texture" },
				"south": { "uv": [ 5.5, 3, 6, 3.5 ], "texture": "#texture" },
				"west": { "uv": [ 5, 5, 6, 5.5 ], "texture": "#texture" },
				"east": { "uv": [ 5, 5, 6, 5.5 ], "texture": "#texture" }
			}
		},
		{
			"__comment": "Box20",
			"from": [ 15, 2, 0 ],
			"to": [ 16, 3, 2 ],
			"faces": {
				"down": { "uv": [ 2, 2.5, 2.5, 3.5 ], "texture": "#texture" },
				"up": { "uv": [ 2, 2.5, 2.5, 3.5 ], "texture": "#texture" },
				"north": { "uv": [ 5.5, 3, 6, 3.5 ], "texture": "#texture" },
				"south": { "uv": [ 5.5, 3, 6, 3.5 ], "texture": "#texture" },
				"west": { "uv": [ 5, 5, 6, 5.5 ], "texture": "#texture" },
				"east": { "uv": [ 5, 5, 6, 5.5 ], "texture": "#texture" }
			}
		},
		{
			"__comment": "Box3",
			"from": [ 13, 8, 0 ],
			"to": [ 14, 13, 1 ],
			"faces": {
				"down": { "uv": [ 0, 0, 0.5, 0.5 ], "texture": "#texture", "rotation": 270 },
				"up": { "uv": [ 0, 0, 0.5, 0.5 ], "texture": "#texture", "rotation": 90 },
				"north": { "uv": [ 7.5, 3, 8, 5.5 ], "texture": "#texture" },
				"south": { "uv": [ 7.5, 3, 8, 5.5 ], "texture": "#texture" },
				"west": { "uv": [ 7.5, 3, 8, 5.5 ], "texture": "#texture" },
				"east": { "uv": [ 7.5, 3, 8, 5.5 ], "texture": "#texture" }
			}
		},
		{
			"__comment": "Box3",
			"from": [ 2, 8, 0 ],
			"to": [ 3, 13, 1 ],
			"faces": {
				"down": { "uv": [ 0, 0, 0.5, 0.5 ], "texture": "#texture", "rotation": 270 },
				"up": { "uv": [ 0, 0, 0.5, 0.5 ], "texture": "#texture", "rotation": 90 },
				"north": { "uv": [ 7.5, 3, 8, 5.5 ], "texture": "#texture" },
				"south": { "uv": [ 7.5, 3, 8, 5.5 ], "texture": "#texture" },
				"west": { "uv": [ 7.5, 3, 8, 5.5 ], "texture": "#texture" },
				"east": { "uv": [ 7.5, 3, 8, 5.5 ], "texture": "#texture" }
			}
		},
		{
			"__comment": "Box5",
			"from": [ 14, 12, 0 ],
			"to": [ 15, 13, 1 ],
			"faces": {
				"down": { "uv": [ 2.5, 3, 3, 3.5 ], "texture": "#texture", "rotation": 270 },
				"up": { "uv": [ 1, 1.5, 1.5, 2 ], "texture": "#texture", "rotation": 90 },
				"north": { "uv": [ 2.5, 3, 3, 3.5 ], "texture": "#texture" },
				"south": { "uv": [ 1, 1.5, 1.5, 2 ], "texture": "#texture" },
				"west": { "uv": [ 1, 1.5, 1.5, 2 ], "texture": "#texture" },
				"east": { "uv": [ 2.5, 3, 3, 3.5 ], "texture": "#texture" }
			}
		},
		{
			"__comment": "Box5",
			"from": [ 14, 10, 0 ],
			"to": [ 15, 11, 1 ],
			"faces": {
				"down": { "uv": [ 2.5, 3, 3, 3.5 ], "texture": "#texture", "rotation": 270 },
				"up": { "uv": [ 1, 1.5, 1.5, 2 ], "texture": "#texture", "rotation": 90 },
				"north": { "uv": [ 2.5, 3, 3, 3.5 ], "texture": "#texture" },
				"south": { "uv": [ 1, 1.5, 1.5, 2 ], "texture": "#texture" },
				"west": { "uv": [ 1, 1.5, 1.5, 2 ], "texture": "#texture" },
				"east": { "uv": [ 2.5, 3, 3, 3.5 ], "texture": "#texture" }
			}
		},
		{
			"__comment": "Box5",
			"from": [ 14, 8, 0 ],
			"to": [ 15, 9, 1 ],
			"faces": {
				"down": { "uv": [ 2.5, 3, 3, 3.5 ], "texture": "#texture", "rotation": 270 },
				"up": { "uv": [ 1, 1.5, 1.5, 2 ], "texture": "#texture", "rotation": 90 },
				"north": { "uv": [ 2.5, 3, 3, 3.5 ], "texture": "#texture" },
				"south": { "uv": [ 1, 1.5, 1.5, 2 ], "texture": "#texture" },
				"west": { "uv": [ 1, 1.5, 1.5, 2 ], "texture": "#texture" },
				"east": { "uv": [ 2.5, 3, 3, 3.5 ], "texture": "#texture" }
			}
		},
		{
			"__comment": "Box3",
			"from": [ 11, 10, 0 ],
			"to": [ 12, 13, 1 ],
			"faces": {
				"down": { "uv": [ 0, 0, 0.5, 0.5 ], "texture": "#texture", "rotation": 270 },
				"up": { "uv": [ 0, 0, 0.5, 0.5 ], "texture": "#texture", "rotation": 90 },
				"north": { "uv": [ 7.5, 3, 8, 4.5 ], "texture": "#texture" },
				"south": { "uv": [ 7.5, 3, 8, 4.5 ], "texture": "#texture" },
				"west": { "uv": [ 7.5, 3, 8, 4.5 ], "texture": "#texture" },
				"east": { "uv": [ 7.5, 3, 8, 4.5 ], "texture": "#texture" }
			}
		},
		{
			"__comment": "Box3",
			"from": [ 4, 10, 0 ],
			"to": [ 5, 13, 1 ],
			"faces": {
				"down": { "uv": [ 0, 0, 0.5, 0.5 ], "texture": "#texture", "rotation": 270 },
				"up": { "uv": [ 0, 0, 0.5, 0.5 ], "texture": "#texture", "rotation": 90 },
				"north": { "uv": [ 7.5, 3, 8, 4.5 ], "texture": "#texture" },
				"south": { "uv": [ 7.5, 3, 8, 4.5 ], "texture": "#texture" },
				"west": { "uv": [ 7.5, 3, 8, 4.5 ], "texture": "#texture" },
				"east": { "uv": [ 7.5, 3, 8, 4.5 ], "texture": "#texture" }
			}
		},
		{
			"__comment": "Box5",
			"from": [ 12, 12, 0 ],
			"to": [ 13, 13, 1 ],
			"faces": {
				"down": { "uv": [ 2.5, 3, 3, 3.5 ], "texture": "#texture", "rotation": 270 },
				"up": { "uv": [ 1, 1.5, 1.5, 2 ], "texture": "#texture", "rotation": 90 },
				"north": { "uv": [ 2.5, 3, 3, 3.5 ], "texture": "#texture" },
				"south": { "uv": [ 1, 1.5, 1.5, 2 ], "texture": "#texture" },
				"west": { "uv": [ 1, 1.5, 1.5, 2 ], "texture": "#texture" },
				"east": { "uv": [ 2.5, 3, 3, 3.5 ], "texture": "#texture" }
			}
		},
		{
			"__comment": "Box5",
			"from": [ 10, 10, 0 ],
			"to": [ 11, 11, 1 ],
			"faces": {
				"down": { "uv": [ 2.5, 3, 3, 3.5 ], "texture": "#texture", "rotation": 270 },
				"up": { "uv": [ 1, 1.5, 1.5, 2 ], "texture": "#texture", "rotation": 90 },
				"north": { "uv": [ 2.5, 3, 3, 3.5 ], "texture": "#texture" },
				"south": { "uv": [ 1, 1.5, 1.5, 2 ], "texture": "#texture" },
				"west": { "uv": [ 1, 1.5, 1.5, 2 ], "texture": "#texture" },
				"east": { "uv": [ 2.5, 3, 3, 3.5 ], "texture": "#texture" }
			}
		},
		{
			"__comment": "Box5",
			"from": [ 3, 12, 0 ],
			"to": [ 4, 13, 1 ],
			"faces": {
				"down": { "uv": [ 2.5, 3, 3, 3.5 ], "texture": "#texture", "rotation": 270 },
				"up": { "uv": [ 1, 1.5, 1.5, 2 ], "texture": "#texture", "rotation": 90 },
				"north": { "uv": [ 2.5, 3, 3, 3.5 ], "texture": "#texture" },
				"south": { "uv": [ 1, 1.5, 1.5, 2 ], "texture": "#texture" },
				"west": { "uv": [ 1, 1.5, 1.5, 2 ], "texture": "#texture" },
				"east": { "uv": [ 2.5, 3, 3, 3.5 ], "texture": "#texture" }
			}
		},
		{
			"__comment": "Box5",
			"from": [ 5, 10, 0 ],
			"to": [ 6, 11, 1 ],
			"faces": {
				"down": { "uv": [ 2.5, 3, 3, 3.5 ], "texture": "#texture", "rotation": 270 },
				"up": { "uv": [ 1, 1.5, 1.5, 2 ], "texture": "#texture", "rotation": 90 },
				"north": { "uv": [ 2.5, 3, 3, 3.5 ], "texture": "#texture" },
				"south": { "uv": [ 1, 1.5, 1.5, 2 ], "texture": "#texture" },
				"west": { "uv": [ 1, 1.5, 1.5, 2 ], "texture": "#texture" },
				"east": { "uv": [ 2.5, 3, 3, 3.5 ], "texture": "#texture" }
			}
		},
		{
			"__comment": "Box21",
			"from": [ 13, 1, 0 ],
			"to": [ 14, 7, 1 ],
			"faces": {
				"down": { "uv": [ 0, 0, 0.5, 0.5 ], "texture": "#texture", "rotation": 270 },
				"up": { "uv": [ 0, 0, 0.5, 0.5 ], "texture": "#texture", "rotation": 90 },
				"north": { "uv": [ 7, 0, 7.5, 3 ], "texture": "#texture" },
				"south": { "uv": [ 7, 0, 7.5, 3 ], "texture": "#texture" },
				"west": { "uv": [ 7, 0, 7.5, 3 ], "texture": "#texture" },
				"east": { "uv": [ 7, 0, 7.5, 3 ], "texture": "#texture" }
			}
		},
		{
			"__comment": "Box5",
			"from": [ 14, 6, 0 ],
			"to": [ 15, 7, 1 ],
			"faces": {
				"down": { "uv": [ 2.5, 3, 3, 3.5 ], "texture": "#texture", "rotation": 270 },
				"up": { "uv": [ 1, 1.5, 1.5, 2 ], "texture": "#texture", "rotation": 90 },
				"north": { "uv": [ 2.5, 3, 3, 3.5 ], "texture": "#texture" },
				"south": { "uv": [ 1, 1.5, 1.5, 2 ], "texture": "#texture" },
				"west": { "uv": [ 1, 1.5, 1.5, 2 ], "texture": "#texture" },
				"east": { "uv": [ 2.5, 3, 3, 3.5 ], "texture": "#texture" }
			}
		},
		{
			"__comment": "Box5",
			"from": [ 14, 4, 0 ],
			"to": [ 15, 5, 1 ],
			"faces": {
				"down": { "uv": [ 2.5, 3, 3, 3.5 ], "texture": "#texture", "rotation": 270 },
				"up": { "uv": [ 1, 1.5, 1.5, 2 ], "texture": "#texture", "rotation": 90 },
				"north": { "uv": [ 2.5, 3, 3, 3.5 ], "texture": "#texture" },
				"south": { "uv": [ 1, 1.5, 1.5, 2 ], "texture": "#texture" },
				"west": { "uv": [ 1, 1.5, 1.5, 2 ], "texture": "#texture" },
				"east": { "uv": [ 2.5, 3, 3, 3.5 ], "texture": "#texture" }
			}
		},
		{
			"__comment": "Box5",
			"from": [ 14, 2, 0 ],
			"to": [ 15, 3, 1 ],
			"faces": {
				"down": { "uv": [ 2.5, 3, 3, 3.5 ], "texture": "#texture", "rotation": 270 },
				"up": { "uv": [ 1, 1.5, 1.5, 2 ], "texture": "#texture", "rotation": 90 },
				"north": { "uv": [ 2.5, 3, 3, 3.5 ], "texture": "#texture" },
				"south": { "uv": [ 1, 1.5, 1.5, 2 ], "texture": "#texture" },
				"west": { "uv": [ 1, 1.5, 1.5, 2 ], "texture": "#texture" },
				"east": { "uv": [ 2.5, 3, 3, 3.5 ], "texture": "#texture" }
			}
		},
		{
			"__comment": "Box25",
			"from": [ 9, 5, 0 ],
			"to": [ 13, 6, 1 ],
			"faces": {
				"down": { "uv": [ 0, 0, 0.5, 2 ], "texture": "#texture", "rotation": 270 },
				"up": { "uv": [ 0, 0, 0.5, 2 ], "texture": "#texture", "rotation": 90 },
				"north": { "uv": [ 3, 3, 5, 3.5 ], "texture": "#texture" },
				"south": { "uv": [ 3, 3, 5, 3.5 ], "texture": "#texture" },
				"west": { "uv": [ 0, 3, 0.5, 3.5 ], "texture": "#texture" },
				"east": { "uv": [ 0, 3, 0.5, 3.5 ], "texture": "#texture" }
			}
		},
		{
			"__comment": "Box20",
			"from": [ 11, 2, 0 ],
			"to": [ 13, 3, 1 ],
			"faces": {
				"down": { "uv": [ 0, 3, 0.5, 4 ], "texture": "#texture", "rotation": 270 },
				"up": { "uv": [ 0, 3, 0.5, 4 ], "texture": "#texture", "rotation": 90 },
				"north": { "uv": [ 0, 3, 1, 3.5 ], "texture": "#texture" },
				"south": { "uv": [ 0, 3, 1, 3.5 ], "texture": "#texture" },
				"west": { "uv": [ 7, 2.5, 7.5, 3 ], "texture": "#texture" },
				"east": { "uv": [ 7, 2.5, 7.5, 3 ], "texture": "#texture" }
			}
		},
		{
			"__comment": "Box5",
			"from": [ 11, 3, 0 ],
			"to": [ 12, 4, 1 ],
			"faces": {
				"down": { "uv": [ 2.5, 3, 3, 3.5 ], "texture": "#texture", "rotation": 270 },
				"up": { "uv": [ 1, 1.5, 1.5, 2 ], "texture": "#texture", "rotation": 90 },
				"north": { "uv": [ 2.5, 3, 3, 3.5 ], "texture": "#texture" },
				"south": { "uv": [ 1, 1.5, 1.5, 2 ], "texture": "#texture" },
				"west": { "uv": [ 1, 1.5, 1.5, 2 ], "texture": "#texture" },
				"east": { "uv": [ 2.5, 3, 3, 3.5 ], "texture": "#texture" }
			}
		},
		{
			"__comment": "Box3",
			"from": [ 9, 10, 0 ],
			"to": [ 10, 14, 1 ],
			"faces": {
				"down": { "uv": [ 0, 0, 0.5, 0.5 ], "texture": "#texture", "rotation": 90 },
				"up": { "uv": [ 0, 0, 0.5, 0.5 ], "texture": "#texture", "rotation": 270 },
				"north": { "uv": [ 5.5, 2.5, 6, 4.5 ], "texture": "#texture" },
				"south": { "uv": [ 5.5, 2.5, 6, 4.5 ], "texture": "#texture" },
				"west": { "uv": [ 7.5, 3, 8, 5 ], "texture": "#texture" },
				"east": { "uv": [ 7.5, 3, 8, 5 ], "texture": "#texture" }
			}
		},
		{
			"__comment": "Box25",
			"from": [ 3, 5, 0 ],
			"to": [ 7, 6, 1 ],
			"faces": {
				"down": { "uv": [ 0, 0, 0.5, 2 ], "texture": "#texture", "rotation": 90 },
				"up": { "uv": [ 0, 0, 0.5, 2 ], "texture": "#texture", "rotation": 270 },
				"north": { "uv": [ 3, 3, 5, 3.5 ], "texture": "#texture" },
				"south": { "uv": [ 3, 3, 5, 3.5 ], "texture": "#texture" },
				"west": { "uv": [ 0, 3, 0.5, 3.5 ], "texture": "#texture" },
				"east": { "uv": [ 0, 3, 0.5, 3.5 ], "texture": "#texture" }
			}
		},
		{
			"__comment": "Box20",
			"from": [ 3, 2, 0 ],
			"to": [ 5, 3, 1 ],
			"faces": {
				"down": { "uv": [ 0, 3, 0.5, 4 ], "texture": "#texture", "rotation": 90 },
				"up": { "uv": [ 0, 3, 0.5, 4 ], "texture": "#texture", "rotation": 270 },
				"north": { "uv": [ 0, 3, 1, 3.5 ], "texture": "#texture" },
				"south": { "uv": [ 0, 3, 1, 3.5 ], "texture": "#texture" },
				"west": { "uv": [ 7, 2.5, 7.5, 3 ], "texture": "#texture" },
				"east": { "uv": [ 7, 2.5, 7.5, 3 ], "texture": "#texture" }
			}
		},
		{
			"__comment": "Box5",
			"from": [ 4, 3, 0 ],
			"to": [ 5, 4, 1 ],
			"faces": {
				"down": { "uv": [ 2.5, 3, 3, 3.5 ], "texture": "#texture", "rotation": 90 },
				"up": { "uv": [ 1, 1.5, 1.5, 2 ], "texture": "#texture", "rotation": 270 },
				"north": { "uv": [ 1, 1.5, 1.5, 2 ], "texture": "#texture" },
				"south": { "uv": [ 2.5, 3, 3, 3.5 ], "texture": "#texture" },
				"west": { "uv": [ 2.5, 3, 3, 3.5 ], "texture": "#texture" },
				"east": { "uv": [ 1, 1.5, 1.5, 2 ], "texture": "#texture" }
			}
		},
		{
			"__comment": "Box21",
			"from": [ 2, 1, 0 ],
			"to": [ 3, 7, 1 ],
			"faces": {
				"down": { "uv": [ 0, 0, 0.5, 0.5 ], "texture": "#texture", "rotation": 90 },
				"up": { "uv": [ 0, 0, 0.5, 0.5 ], "texture": "#texture", "rotation": 270 },
				"north": { "uv": [ 7, 0, 7.5, 3 ], "texture": "#texture" },
				"south": { "uv": [ 7, 0, 7.5, 3 ], "texture": "#texture" },
				"west": { "uv": [ 7, 0, 7.5, 3 ], "texture": "#texture" },
				"east": { "uv": [ 7, 0, 7.5, 3 ], "texture": "#texture" }
			}
		},
		{
			"__comment": "Box20",
			"from": [ 8, 8, 0 ],
			"to": [ 10, 9, 1 ],
			"faces": {
				"down": { "uv": [ 0, 3, 0.5, 4 ], "texture": "#texture", "rotation": 270 },
				"up": { "uv": [ 0, 3, 0.5, 4 ], "texture": "#texture", "rotation": 90 },
				"north": { "uv": [ 0, 3, 1, 3.5 ], "texture": "#texture" },
				"south": { "uv": [ 0, 3, 1, 3.5 ], "texture": "#texture" },
				"west": { "uv": [ 7, 2.5, 7.5, 3 ], "texture": "#texture" },
				"east": { "uv": [ 7, 2.5, 7.5, 3 ], "texture": "#texture" }
			}
		},
		{
			"__comment": "Box20",
			"from": [ 6, 7, 0 ],
			"to": [ 8, 8, 1 ],
			"faces": {
				"down": { "uv": [ 0, 3, 0.5, 4 ], "texture": "#texture", "rotation": 270 },
				"up": { "uv": [ 0, 3, 0.5, 4 ], "texture": "#texture", "rotation": 90 },
				"north": { "uv": [ 0, 3, 1, 3.5 ], "texture": "#texture" },
				"south": { "uv": [ 0, 3, 1, 3.5 ], "texture": "#texture" },
				"west": { "uv": [ 7, 2.5, 7.5, 3 ], "texture": "#texture" },
				"east": { "uv": [ 7, 2.5, 7.5, 3 ], "texture": "#texture" }
			}
		},
		{
			"__comment": "Box5",
			"from": [ 9, 7, 0 ],
			"to": [ 10, 8, 1 ],
			"faces": {
				"down": { "uv": [ 2.5, 3, 3, 3.5 ], "texture": "#texture", "rotation": 270 },
				"up": { "uv": [ 1, 1.5, 1.5, 2 ], "texture": "#texture", "rotation": 90 },
				"north": { "uv": [ 2.5, 3, 3, 3.5 ], "texture": "#texture" },
				"south": { "uv": [ 1, 1.5, 1.5, 2 ], "texture": "#texture" },
				"west": { "uv": [ 1, 1.5, 1.5, 2 ], "texture": "#texture" },
				"east": { "uv": [ 2.5, 3, 3, 3.5 ], "texture": "#texture" }
			}
		},
		{
			"__comment": "Box5",
			"from": [ 6, 8, 0 ],
			"to": [ 7, 9, 1 ],
			"faces": {
				"down": { "uv": [ 2.5, 3, 3, 3.5 ], "texture": "#texture", "rotation": 270 },
				"up": { "uv": [ 1, 1.5, 1.5, 2 ], "texture": "#texture", "rotation": 90 },
				"north": { "uv": [ 2.5, 3, 3, 3.5 ], "texture": "#texture" },
				"south": { "uv": [ 1, 1.5, 1.5, 2 ], "texture": "#texture" },
				"west": { "uv": [ 1, 1.5, 1.5, 2 ], "texture": "#texture" },
				"east": { "uv": [ 2.5, 3, 3, 3.5 ], "texture": "#texture" }
			}
		},
		{
			"__comment": "Box3",
			"from": [ 9, 0, 0 ],
			"to": [ 10, 5, 1 ],
			"faces": {
				"down": { "uv": [ 0, 0, 0.5, 0.5 ], "texture": "#texture", "rotation": 270 },
				"up": { "uv": [ 0, 0, 0.5, 0.5 ], "texture": "#texture", "rotation": 90 },
				"north": { "uv": [ 7.5, 3, 8, 5.5 ], "texture": "#texture" },
				"south": { "uv": [ 7.5, 3, 8, 5.5 ], "texture": "#texture" },
				"west": { "uv": [ 7.5, 3, 8, 5.5 ], "texture": "#texture" },
				"east": { "uv": [ 7.5, 3, 8, 5.5 ], "texture": "#texture" }
			}
		},
		{
			"__comment": "Box3",
			"from": [ 6, 0, 0 ],
			"to": [ 7, 5, 1 ],
			"faces": {
				"down": { "uv": [ 0, 0, 0.5, 0.5 ], "texture": "#texture", "rotation": 270 },
				"up": { "uv": [ 0, 0, 0.5, 0.5 ], "texture": "#texture", "rotation": 90 },
				"north": { "uv": [ 7.5, 3, 8, 5.5 ], "texture": "#texture" },
				"south": { "uv": [ 7.5, 3, 8, 5.5 ], "texture": "#texture" },
				"west": { "uv": [ 7.5, 3, 8, 5.5 ], "texture": "#texture" },
				"east": { "uv": [ 7.5, 3, 8, 5.5 ], "texture": "#texture" }
			}
		},
		{
			"__comment": "Box3",
			"from": [ 6, 10, 0 ],
			"to": [ 7, 14, 1 ],
			"faces": {
				"down": { "uv": [ 0, 0, 0.5, 0.5 ], "texture": "#texture", "rotation": 90 },
				"up": { "uv": [ 0, 0, 0.5, 0.5 ], "texture": "#texture", "rotation": 270 },
				"north": { "uv": [ 5.5, 2.5, 6, 4.5 ], "texture": "#texture" },
				"south": { "uv": [ 5.5, 2.5, 6, 4.5 ], "texture": "#texture" },
				"west": { "uv": [ 7.5, 3, 8, 5 ], "texture": "#texture" },
				"east": { "uv": [ 7.5, 3, 8, 5 ], "texture": "#texture" }
			}
		},
		{
			"__comment": "Box20",
			"from": [ 7, 11, 0 ],
			"to": [ 9, 12, 1 ],
			"faces": {
				"down": { "uv": [ 0, 3, 0.5, 4 ], "texture": "#texture", "rotation": 270 },
				"up": { "uv": [ 0, 3, 0.5, 4 ], "texture": "#texture", "rotation": 90 },
				"north": { "uv": [ 0, 3, 1, 3.5 ], "texture": "#texture" },
				"south": { "uv": [ 0, 3, 1, 3.5 ], "texture": "#texture" },
				"west": { "uv": [ 7, 2.5, 7.5, 3 ], "texture": "#texture" },
				"east": { "uv": [ 7, 2.5, 7.5, 3 ], "texture": "#texture" }
			}
		},
		{
			"__comment": "Box20",
			"from": [ 0, 12, 0 ],
			"to": [ 2, 13, 1 ],
			"faces": {
				"down": { "uv": [ 2, 2.5, 2.5, 3.5 ], "texture": "#texture", "rotation": 270 },
				"up": { "uv": [ 2, 2.5, 2.5, 3.5 ], "texture": "#texture", "rotation": 90 },
				"north": { "uv": [ 5, 5, 6, 5.5 ], "texture": "#texture" },
				"south": { "uv": [ 5, 5, 6, 5.5 ], "texture": "#texture" },
				"west": { "uv": [ 5.5, 3, 6, 3.5 ], "texture": "#texture" },
				"east": { "uv": [ 5.5, 3, 6, 3.5 ], "texture": "#texture" }
			}
		},
		{
			"__comment": "Box20",
			"from": [ 0, 8, 0 ],
			"to": [ 2, 9, 1 ],
			"faces": {
				"down": { "uv": [ 2, 2.5, 2.5, 3.5 ], "texture": "#texture", "rotation": 270 },
				"up": { "uv": [ 2, 2.5, 2.5, 3.5 ], "texture": "#texture", "rotation": 90 },
				"north": { "uv": [ 5, 5, 6, 5.5 ], "texture": "#texture" },
				"south": { "uv": [ 5, 5, 6, 5.5 ], "texture": "#texture" },
				"west": { "uv": [ 5.5, 3, 6, 3.5 ], "texture": "#texture" },
				"east": { "uv": [ 5.5, 3, 6, 3.5 ], "texture": "#texture" }
			}
		},
		{
			"__comment": "Box20",
			"from": [ 0, 4, 0 ],
			"to": [ 2, 5, 1 ],
			"faces": {
				"down": { "uv": [ 2, 2.5, 2.5, 3.5 ], "texture": "#texture", "rotation": 270 },
				"up": { "uv": [ 2, 2.5, 2.5, 3.5 ], "texture": "#texture", "rotation": 90 },
				"north": { "uv": [ 5, 5, 6, 5.5 ], "texture": "#texture" },
				"south": { "uv": [ 5, 5, 6, 5.5 ], "texture": "#texture" },
				"west": { "uv": [ 5.5, 3, 6, 3.5 ], "texture": "#texture" },
				"east": { "uv": [ 5.5, 3, 6, 3.5 ], "texture": "#texture" }
			}
		},
		{
			"__comment": "Box20",
			"from": [ 0, 10, 0 ],
			"to": [ 2, 11, 1 ],
			"faces": {
				"down": { "uv": [ 2, 2.5, 2.5, 3.5 ], "texture": "#texture", "rotation": 270 },
				"up": { "uv": [ 2, 2.5, 2.5, 3.5 ], "texture": "#texture", "rotation": 90 },
				"north": { "uv": [ 5, 5, 6, 5.5 ], "texture": "#texture" },
				"south": { "uv": [ 5, 5, 6, 5.5 ], "texture": "#texture" },
				"west": { "uv": [ 5.5, 3, 6, 3.5 ], "texture": "#texture" },
				"east": { "uv": [ 5.5, 3, 6, 3.5 ], "texture": "#texture" }
			}
		},
		{
			"__comment": "Box20",
			"from": [ 0, 6, 0 ],
			"to": [ 2, 7, 1 ],
			"faces": {
				"down": { "uv": [ 2, 2.5, 2.5, 3.5 ], "texture": "#texture", "rotation": 270 },
				"up": { "uv": [ 2, 2.5, 2.5, 3.5 ], "texture": "#texture", "rotation": 90 },
				"north": { "uv": [ 5, 5, 6, 5.5 ], "texture": "#texture" },
				"south": { "uv": [ 5, 5, 6, 5.5 ], "texture": "#texture" },
				"west": { "uv": [ 5.5, 3, 6, 3.5 ], "texture": "#texture" },
				"east": { "uv": [ 5.5, 3, 6, 3.5 ], "texture": "#texture" }
			}
		},
		{
			"__comment": "Box20",
			"from": [ 0, 2, 0 ],
			"to": [ 2, 3, 1 ],
			"faces": {
				"down": { "uv": [ 2, 2.5, 2.5, 3.5 ], "texture": "#texture", "rotation": 270 },
				"up": { "uv": [ 2, 2.5, 2.5, 3.5 ], "texture": "#texture", "rotation": 90 },
				"north": { "uv": [ 5, 5, 6, 5.5 ], "texture": "#texture" },
				"south": { "uv": [ 5, 5, 6, 5.5 ], "texture": "#texture" },
				"west": { "uv": [ 5.5, 3, 6, 3.5 ], "texture": "#texture" },
				"east": { "uv": [ 5.5, 3, 6, 3.5 ], "texture": "#texture" }
			}
		},
		{
			"__comment": "Box3",
			"from": [ 0, 8, 2 ],
			"to": [ 1, 13, 3 ],
			"faces": {
				"down": { "uv": [ 0, 0, 0.5, 0.5 ], "texture": "#texture", "rotation": 270 },
				"up": { "uv": [ 0, 0, 0.5, 0.5 ], "texture": "#texture", "rotation": 90 },
				"north": { "uv": [ 7.5, 3, 8, 5.5 ], "texture": "#texture" },
				"south": { "uv": [ 7.5, 3, 8, 5.5 ], "texture": "#texture" },
				"west": { "uv": [ 7.5, 3, 8, 5.5 ], "texture": "#texture" },
				"east": { "uv": [ 7.5, 3, 8, 5.5 ], "texture": "#texture" }
			}
		},
		{
			"__comment": "Box3",
			"from": [ 0, 8, 13 ],
			"to": [ 1, 13, 14 ],
			"faces": {
				"down": { "uv": [ 0, 0, 0.5, 0.5 ], "texture": "#texture", "rotation": 270 },
				"up": { "uv": [ 0, 0, 0.5, 0.5 ], "texture": "#texture", "rotation": 90 },
				"north": { "uv": [ 7.5, 3, 8, 5.5 ], "texture": "#texture" },
				"south": { "uv": [ 7.5, 3, 8, 5.5 ], "texture": "#texture" },
				"west": { "uv": [ 7.5, 3, 8, 5.5 ], "texture": "#texture" },
				"east": { "uv": [ 7.5, 3, 8, 5.5 ], "texture": "#texture" }
			}
		},
		{
			"__comment": "Box5",
			"from": [ 0, 12, 1 ],
			"to": [ 1, 13, 2 ],
			"faces": {
				"down": { "uv": [ 2.5, 3, 3, 3.5 ], "texture": "#texture", "rotation": 270 },
				"up": { "uv": [ 1, 1.5, 1.5, 2 ], "texture": "#texture", "rotation": 90 },
				"north": { "uv": [ 2.5, 3, 3, 3.5 ], "texture": "#texture" },
				"south": { "uv": [ 1, 1.5, 1.5, 2 ], "texture": "#texture" },
				"west": { "uv": [ 1, 1.5, 1.5, 2 ], "texture": "#texture" },
				"east": { "uv": [ 2.5, 3, 3, 3.5 ], "texture": "#texture" }
			}
		},
		{
			"__comment": "Box5",
			"from": [ 0, 10, 1 ],
			"to": [ 1, 11, 2 ],
			"faces": {
				"down": { "uv": [ 2.5, 3, 3, 3.5 ], "texture": "#texture", "rotation": 270 },
				"up": { "uv": [ 1, 1.5, 1.5, 2 ], "texture": "#texture", "rotation": 90 },
				"north": { "uv": [ 2.5, 3, 3, 3.5 ], "texture": "#texture" },
				"south": { "uv": [ 1, 1.5, 1.5, 2 ], "texture": "#texture" },
				"west": { "uv": [ 1, 1.5, 1.5, 2 ], "texture": "#texture" },
				"east": { "uv": [ 2.5, 3, 3, 3.5 ], "texture": "#texture" }
			}
		},
		{
			"__comment": "Box5",
			"from": [ 0, 8, 1 ],
			"to": [ 1, 9, 2 ],
			"faces": {
				"down": { "uv": [ 2.5, 3, 3, 3.5 ], "texture": "#texture", "rotation": 270 },
				"up": { "uv": [ 1, 1.5, 1.5, 2 ], "texture": "#texture", "rotation": 90 },
				"north": { "uv": [ 2.5, 3, 3, 3.5 ], "texture": "#texture" },
				"south": { "uv": [ 1, 1.5, 1.5, 2 ], "texture": "#texture" },
				"west": { "uv": [ 1, 1.5, 1.5, 2 ], "texture": "#texture" },
				"east": { "uv": [ 2.5, 3, 3, 3.5 ], "texture": "#texture" }
			}
		},
		{
			"__comment": "Box3",
			"from": [ 0, 10, 4 ],
			"to": [ 1, 13, 5 ],
			"faces": {
				"down": { "uv": [ 0, 0, 0.5, 0.5 ], "texture": "#texture", "rotation": 270 },
				"up": { "uv": [ 0, 0, 0.5, 0.5 ], "texture": "#texture", "rotation": 90 },
				"north": { "uv": [ 7.5, 3, 8, 4.5 ], "texture": "#texture" },
				"south": { "uv": [ 7.5, 3, 8, 4.5 ], "texture": "#texture" },
				"west": { "uv": [ 7.5, 3, 8, 4.5 ], "texture": "#texture" },
				"east": { "uv": [ 7.5, 3, 8, 4.5 ], "texture": "#texture" }
			}
		},
		{
			"__comment": "Box3",
			"from": [ 0, 10, 11 ],
			"to": [ 1, 13, 12 ],
			"faces": {
				"down": { "uv": [ 0, 0, 0.5, 0.5 ], "texture": "#texture", "rotation": 270 },
				"up": { "uv": [ 0, 0, 0.5, 0.5 ], "texture": "#texture", "rotation": 90 },
				"north": { "uv": [ 7.5, 3, 8, 4.5 ], "texture": "#texture" },
				"south": { "uv": [ 7.5, 3, 8, 4.5 ], "texture": "#texture" },
				"west": { "uv": [ 7.5, 3, 8, 4.5 ], "texture": "#texture" },
				"east": { "uv": [ 7.5, 3, 8, 4.5 ], "texture": "#texture" }
			}
		},
		{
			"__comment": "Box5",
			"from": [ 0, 12, 3 ],
			"to": [ 1, 13, 4 ],
			"faces": {
				"down": { "uv": [ 2.5, 3, 3, 3.5 ], "texture": "#texture", "rotation": 270 },
				"up": { "uv": [ 1, 1.5, 1.5, 2 ], "texture": "#texture", "rotation": 90 },
				"north": { "uv": [ 2.5, 3, 3, 3.5 ], "texture": "#texture" },
				"south": { "uv": [ 1, 1.5, 1.5, 2 ], "texture": "#texture" },
				"west": { "uv": [ 1, 1.5, 1.5, 2 ], "texture": "#texture" },
				"east": { "uv": [ 2.5, 3, 3, 3.5 ], "texture": "#texture" }
			}
		},
		{
			"__comment": "Box5",
			"from": [ 0, 10, 5 ],
			"to": [ 1, 11, 6 ],
			"faces": {
				"down": { "uv": [ 2.5, 3, 3, 3.5 ], "texture": "#texture", "rotation": 270 },
				"up": { "uv": [ 1, 1.5, 1.5, 2 ], "texture": "#texture", "rotation": 90 },
				"north": { "uv": [ 2.5, 3, 3, 3.5 ], "texture": "#texture" },
				"south": { "uv": [ 1, 1.5, 1.5, 2 ], "texture": "#texture" },
				"west": { "uv": [ 1, 1.5, 1.5, 2 ], "texture": "#texture" },
				"east": { "uv": [ 2.5, 3, 3, 3.5 ], "texture": "#texture" }
			}
		},
		{
			"__comment": "Box5",
			"from": [ 0, 12, 12 ],
			"to": [ 1, 13, 13 ],
			"faces": {
				"down": { "uv": [ 2.5, 3, 3, 3.5 ], "texture": "#texture", "rotation": 270 },
				"up": { "uv": [ 1, 1.5, 1.5, 2 ], "texture": "#texture", "rotation": 90 },
				"north": { "uv": [ 2.5, 3, 3, 3.5 ], "texture": "#texture" },
				"south": { "uv": [ 1, 1.5, 1.5, 2 ], "texture": "#texture" },
				"west": { "uv": [ 1, 1.5, 1.5, 2 ], "texture": "#texture" },
				"east": { "uv": [ 2.5, 3, 3, 3.5 ], "texture": "#texture" }
			}
		},
		{
			"__comment": "Box5",
			"from": [ 0, 10, 10 ],
			"to": [ 1, 11, 11 ],
			"faces": {
				"down": { "uv": [ 2.5, 3, 3, 3.5 ], "texture": "#texture", "rotation": 270 },
				"up": { "uv": [ 1, 1.5, 1.5, 2 ], "texture": "#texture", "rotation": 90 },
				"north": { "uv": [ 2.5, 3, 3, 3.5 ], "texture": "#texture" },
				"south": { "uv": [ 1, 1.5, 1.5, 2 ], "texture": "#texture" },
				"west": { "uv": [ 1, 1.5, 1.5, 2 ], "texture": "#texture" },
				"east": { "uv": [ 2.5, 3, 3, 3.5 ], "texture": "#texture" }
			}
		},
		{
			"__comment": "Box21",
			"from": [ 0, 1, 2 ],
			"to": [ 1, 7, 3 ],
			"faces": {
				"down": { "uv": [ 0, 0, 0.5, 0.5 ], "texture": "#texture", "rotation": 270 },
				"up": { "uv": [ 0, 0, 0.5, 0.5 ], "texture": "#texture", "rotation": 90 },
				"north": { "uv": [ 7, 0, 7.5, 3 ], "texture": "#texture" },
				"south": { "uv": [ 7, 0, 7.5, 3 ], "texture": "#texture" },
				"west": { "uv": [ 7, 0, 7.5, 3 ], "texture": "#texture" },
				"east": { "uv": [ 7, 0, 7.5, 3 ], "texture": "#texture" }
			}
		},
		{
			"__comment": "Box5",
			"from": [ 0, 6, 1 ],
			"to": [ 1, 7, 2 ],
			"faces": {
				"down": { "uv": [ 2.5, 3, 3, 3.5 ], "texture": "#texture", "rotation": 270 },
				"up": { "uv": [ 1, 1.5, 1.5, 2 ], "texture": "#texture", "rotation": 90 },
				"north": { "uv": [ 2.5, 3, 3, 3.5 ], "texture": "#texture" },
				"south": { "uv": [ 1, 1.5, 1.5, 2 ], "texture": "#texture" },
				"west": { "uv": [ 1, 1.5, 1.5, 2 ], "texture": "#texture" },
				"east": { "uv": [ 2.5, 3, 3, 3.5 ], "texture": "#texture" }
			}
		},
		{
			"__comment": "Box5",
			"from": [ 0, 4, 1 ],
			"to": [ 1, 5, 2 ],
			"faces": {
				"down": { "uv": [ 2.5, 3, 3, 3.5 ], "texture": "#texture", "rotation": 270 },
				"up": { "uv": [ 1, 1.5, 1.5, 2 ], "texture": "#texture", "rotation": 90 },
				"north": { "uv": [ 2.5, 3, 3, 3.5 ], "texture": "#texture" },
				"south": { "uv": [ 1, 1.5, 1.5, 2 ], "texture": "#texture" },
				"west": { "uv": [ 1, 1.5, 1.5, 2 ], "texture": "#texture" },
				"east": { "uv": [ 2.5, 3, 3, 3.5 ], "texture": "#texture" }
			}
		},
		{
			"__comment": "Box5",
			"from": [ 0, 2, 1 ],
			"to": [ 1, 3, 2 ],
			"faces": {
				"down": { "uv": [ 2.5, 3, 3, 3.5 ], "texture": "#texture", "rotation": 270 },
				"up": { "uv": [ 1, 1.5, 1.5, 2 ], "texture": "#texture", "rotation": 90 },
				"north": { "uv": [ 2.5, 3, 3, 3.5 ], "texture": "#texture" },
				"south": { "uv": [ 1, 1.5, 1.5, 2 ], "texture": "#texture" },
				"west": { "uv": [ 1, 1.5, 1.5, 2 ], "texture": "#texture" },
				"east": { "uv": [ 2.5, 3, 3, 3.5 ], "texture": "#texture" }
			}
		},
		{
			"__comment": "Box25",
			"from": [ 0, 5, 3 ],
			"to": [ 1, 6, 7 ],
			"faces": {
				"down": { "uv": [ 0, 0, 0.5, 2 ], "texture": "#texture", "rotation": 270 },
				"up": { "uv": [ 0, 0, 0.5, 2 ], "texture": "#texture", "rotation": 90 },
				"north": { "uv": [ 3, 3, 5, 3.5 ], "texture": "#texture" },
				"south": { "uv": [ 3, 3, 5, 3.5 ], "texture": "#texture" },
				"west": { "uv": [ 0, 3, 0.5, 3.5 ], "texture": "#texture" },
				"east": { "uv": [ 0, 3, 0.5, 3.5 ], "texture": "#texture" }
			}
		},
		{
			"__comment": "Box20",
			"from": [ 0, 2, 3 ],
			"to": [ 1, 3, 5 ],
			"faces": {
				"down": { "uv": [ 0, 3, 0.5, 4 ], "texture": "#texture", "rotation": 270 },
				"up": { "uv": [ 0, 3, 0.5, 4 ], "texture": "#texture", "rotation": 90 },
				"north": { "uv": [ 0, 3, 1, 3.5 ], "texture": "#texture" },
				"south": { "uv": [ 0, 3, 1, 3.5 ], "texture": "#texture" },
				"west": { "uv": [ 7, 2.5, 7.5, 3 ], "texture": "#texture" },
				"east": { "uv": [ 7, 2.5, 7.5, 3 ], "texture": "#texture" }
			}
		},
		{
			"__comment": "Box5",
			"from": [ 0, 3, 4 ],
			"to": [ 1, 4, 5 ],
			"faces": {
				"down": { "uv": [ 2.5, 3, 3, 3.5 ], "texture": "#texture", "rotation": 270 },
				"up": { "uv": [ 1, 1.5, 1.5, 2 ], "texture": "#texture", "rotation": 90 },
				"north": { "uv": [ 2.5, 3, 3, 3.5 ], "texture": "#texture" },
				"south": { "uv": [ 1, 1.5, 1.5, 2 ], "texture": "#texture" },
				"west": { "uv": [ 1, 1.5, 1.5, 2 ], "texture": "#texture" },
				"east": { "uv": [ 2.5, 3, 3, 3.5 ], "texture": "#texture" }
			}
		},
		{
			"__comment": "Box3",
			"from": [ 0, 10, 6 ],
			"to": [ 1, 14, 7 ],
			"faces": {
				"down": { "uv": [ 0, 0, 0.5, 0.5 ], "texture": "#texture", "rotation": 90 },
				"up": { "uv": [ 0, 0, 0.5, 0.5 ], "texture": "#texture", "rotation": 270 },
				"north": { "uv": [ 5.5, 2.5, 6, 4.5 ], "texture": "#texture" },
				"south": { "uv": [ 5.5, 2.5, 6, 4.5 ], "texture": "#texture" },
				"west": { "uv": [ 7.5, 3, 8, 5 ], "texture": "#texture" },
				"east": { "uv": [ 7.5, 3, 8, 5 ], "texture": "#texture" }
			}
		},
		{
			"__comment": "Box25",
			"from": [ 0, 5, 9 ],
			"to": [ 1, 6, 13 ],
			"faces": {
				"down": { "uv": [ 0, 0, 0.5, 2 ], "texture": "#texture", "rotation": 90 },
				"up": { "uv": [ 0, 0, 0.5, 2 ], "texture": "#texture", "rotation": 270 },
				"north": { "uv": [ 3, 3, 5, 3.5 ], "texture": "#texture" },
				"south": { "uv": [ 3, 3, 5, 3.5 ], "texture": "#texture" },
				"west": { "uv": [ 0, 3, 0.5, 3.5 ], "texture": "#texture" },
				"east": { "uv": [ 0, 3, 0.5, 3.5 ], "texture": "#texture" }
			}
		},
		{
			"__comment": "Box20",
			"from": [ 0, 2, 11 ],
			"to": [ 1, 3, 13 ],
			"faces": {
				"down": { "uv": [ 0, 3, 0.5, 4 ], "texture": "#texture", "rotation": 90 },
				"up": { "uv": [ 0, 3, 0.5, 4 ], "texture": "#texture", "rotation": 270 },
				"north": { "uv": [ 0, 3, 1, 3.5 ], "texture": "#texture" },
				"south": { "uv": [ 0, 3, 1, 3.5 ], "texture": "#texture" },
				"west": { "uv": [ 7, 2.5, 7.5, 3 ], "texture": "#texture" },
				"east": { "uv": [ 7, 2.5, 7.5, 3 ], "texture": "#texture" }
			}
		},
		{
			"__comment": "Box5",
			"from": [ 0, 3, 11 ],
			"to": [ 1, 4, 12 ],
			"faces": {
				"down": { "uv": [ 2.5, 3, 3, 3.5 ], "texture": "#texture", "rotation": 90 },
				"up": { "uv": [ 1, 1.5, 1.5, 2 ], "texture": "#texture", "rotation": 270 },
				"north": { "uv": [ 1, 1.5, 1.5, 2 ], "texture": "#texture" },
				"south": { "uv": [ 2.5, 3, 3, 3.5 ], "texture": "#texture" },
				"west": { "uv": [ 2.5, 3, 3, 3.5 ], "texture": "#texture" },
				"east": { "uv": [ 1, 1.5, 1.5, 2 ], "texture": "#texture" }
			}
		},
		{
			"__comment": "Box21",
			"from": [ 0, 1, 13 ],
			"to": [ 1, 7, 14 ],
			"faces": {
				"down": { "uv": [ 0, 0, 0.5, 0.5 ], "texture": "#texture", "rotation": 90 },
				"up": { "uv": [ 0, 0, 0.5, 0.5 ], "texture": "#texture", "rotation": 270 },
				"north": { "uv": [ 7, 0, 7.5, 3 ], "texture": "#texture" },
				"south": { "uv": [ 7, 0, 7.5, 3 ], "texture": "#texture" },
				"west": { "uv": [ 7, 0, 7.5, 3 ], "texture": "#texture" },
				"east": { "uv": [ 7, 0, 7.5, 3 ], "texture": "#texture" }
			}
		},
		{
			"__comment": "Box20",
			"from": [ 0, 8, 6 ],
			"to": [ 1, 9, 8 ],
			"faces": {
				"down": { "uv": [ 0, 3, 0.5, 4 ], "texture": "#texture", "rotation": 270 },
				"up": { "uv": [ 0, 3, 0.5, 4 ], "texture": "#texture", "rotation": 90 },
				"north": { "uv": [ 0, 3, 1, 3.5 ], "texture": "#texture" },
				"south": { "uv": [ 0, 3, 1, 3.5 ], "texture": "#texture" },
				"west": { "uv": [ 7, 2.5, 7.5, 3 ], "texture": "#texture" },
				"east": { "uv": [ 7, 2.5, 7.5, 3 ], "texture": "#texture" }
			}
		},
		{
			"__comment": "Box20",
			"from": [ 0, 7, 8 ],
			"to": [ 1, 8, 10 ],
			"faces": {
				"down": { "uv": [ 0, 3, 0.5, 4 ], "texture": "#texture", "rotation": 270 },
				"up": { "uv": [ 0, 3, 0.5, 4 ], "texture": "#texture", "rotation": 90 },
				"north": { "uv": [ 0, 3, 1, 3.5 ], "texture": "#texture" },
				"south": { "uv": [ 0, 3, 1, 3.5 ], "texture": "#texture" },
				"west": { "uv": [ 7, 2.5, 7.5, 3 ], "texture": "#texture" },
				"east": { "uv": [ 7, 2.5, 7.5, 3 ], "texture": "#texture" }
			}
		},
		{
			"__comment": "Box5",
			"from": [ 0, 7, 6 ],
			"to": [ 1, 8, 7 ],
			"faces": {
				"down": { "uv": [ 2.5, 3, 3, 3.5 ], "texture": "#texture", "rotation": 270 },
				"up": { "uv": [ 1, 1.5, 1.5, 2 ], "texture": "#texture", "rotation": 90 },
				"north": { "uv": [ 2.5, 3, 3, 3.5 ], "texture": "#texture" },
				"south": { "uv": [ 1, 1.5, 1.5, 2 ], "texture": "#texture" },
				"west": { "uv": [ 1, 1.5, 1.5, 2 ], "texture": "#texture" },
				"east": { "uv": [ 2.5, 3, 3, 3.5 ], "texture": "#texture" }
			}
		},
		{
			"__comment": "Box5",
			"from": [ 0, 8, 9 ],
			"to": [ 1, 9, 10 ],
			"faces": {
				"down": { "uv": [ 2.5, 3, 3, 3.5 ], "texture": "#texture", "rotation": 270 },
				"up": { "uv": [ 1, 1.5, 1.5, 2 ], "texture": "#texture", "rotation": 90 },
				"north": { "uv": [ 2.5, 3, 3, 3.5 ], "texture": "#texture" },
				"south": { "uv": [ 1, 1.5, 1.5, 2 ], "texture": "#texture" },
				"west": { "uv": [ 1, 1.5, 1.5, 2 ], "texture": "#texture" },
				"east": { "uv": [ 2.5, 3, 3, 3.5 ], "texture": "#texture" }
			}
		},
		{
			"__comment": "Box3",
			"from": [ 0, 0, 6 ],
			"to": [ 1, 5, 7 ],
			"faces": {
				"down": { "uv": [ 0, 0, 0.5, 0.5 ], "texture": "#texture", "rotation": 270 },
				"up": { "uv": [ 0, 0, 0.5, 0.5 ], "texture": "#texture", "rotation": 90 },
				"north": { "uv": [ 7.5, 3, 8, 5.5 ], "texture": "#texture" },
				"south": { "uv": [ 7.5, 3, 8, 5.5 ], "texture": "#texture" },
				"west": { "uv": [ 7.5, 3, 8, 5.5 ], "texture": "#texture" },
				"east": { "uv": [ 7.5, 3, 8, 5.5 ], "texture": "#texture" }
			}
		},
		{
			"__comment": "Box3",
			"from": [ 0, 0, 9 ],
			"to": [ 1, 5, 10 ],
			"faces": {
				"down": { "uv": [ 0, 0, 0.5, 0.5 ], "texture": "#texture", "rotation": 270 },
				"up": { "uv": [ 0, 0, 0.5, 0.5 ], "texture": "#texture", "rotation": 90 },
				"north": { "uv": [ 7.5, 3, 8, 5.5 ], "texture": "#texture" },
				"south": { "uv": [ 7.5, 3, 8, 5.5 ], "texture": "#texture" },
				"west": { "uv": [ 7.5, 3, 8, 5.5 ], "texture": "#texture" },
				"east": { "uv": [ 7.5, 3, 8, 5.5 ], "texture": "#texture" }
			}
		},
		{
			"__comment": "Box3",
			"from": [ 0, 10, 9 ],
			"to": [ 1, 14, 10 ],
			"faces": {
				"down": { "uv": [ 0, 0, 0.5, 0.5 ], "texture": "#texture", "rotation": 90 },
				"up": { "uv": [ 0, 0, 0.5, 0.5 ], "texture": "#texture", "rotation": 270 },
				"north": { "uv": [ 5.5, 2.5, 6, 4.5 ], "texture": "#texture" },
				"south": { "uv": [ 5.5, 2.5, 6, 4.5 ], "texture": "#texture" },
				"west": { "uv": [ 7.5, 3, 8, 5 ], "texture": "#texture" },
				"east": { "uv": [ 7.5, 3, 8, 5 ], "texture": "#texture" }
			}
		},
		{
			"__comment": "Box20",
			"from": [ 0, 11, 7 ],
			"to": [ 1, 12, 9 ],
			"faces": {
				"down": { "uv": [ 0, 3, 0.5, 4 ], "texture": "#texture", "rotation": 270 },
				"up": { "uv": [ 0, 3, 0.5, 4 ], "texture": "#texture", "rotation": 90 },
				"north": { "uv": [ 0, 3, 1, 3.5 ], "texture": "#texture" },
				"south": { "uv": [ 0, 3, 1, 3.5 ], "texture": "#texture" },
				"west": { "uv": [ 7, 2.5, 7.5, 3 ], "texture": "#texture" },
				"east": { "uv": [ 7, 2.5, 7.5, 3 ], "texture": "#texture" }
			}
		},
		{
			"__comment": "Box20",
			"from": [ 0, 12, 14 ],
			"to": [ 1, 13, 16 ],
			"faces": {
				"down": { "uv": [ 2, 2.5, 2.5, 3.5 ], "texture": "#texture", "rotation": 270 },
				"up": { "uv": [ 2, 2.5, 2.5, 3.5 ], "texture": "#texture", "rotation": 90 },
				"north": { "uv": [ 5, 5, 6, 5.5 ], "texture": "#texture" },
				"south": { "uv": [ 5, 5, 6, 5.5 ], "texture": "#texture" },
				"west": { "uv": [ 5.5, 3, 6, 3.5 ], "texture": "#texture" },
				"east": { "uv": [ 5.5, 3, 6, 3.5 ], "texture": "#texture" }
			}
		},
		{
			"__comment": "Box20",
			"from": [ 0, 8, 14 ],
			"to": [ 1, 9, 16 ],
			"faces": {
				"down": { "uv": [ 2, 2.5, 2.5, 3.5 ], "texture": "#texture", "rotation": 270 },
				"up": { "uv": [ 2, 2.5, 2.5, 3.5 ], "texture": "#texture", "rotation": 90 },
				"north": { "uv": [ 5, 5, 6, 5.5 ], "texture": "#texture" },
				"south": { "uv": [ 5, 5, 6, 5.5 ], "texture": "#texture" },
				"west": { "uv": [ 5.5, 3, 6, 3.5 ], "texture": "#texture" },
				"east": { "uv": [ 5.5, 3, 6, 3.5 ], "texture": "#texture" }
			}
		},
		{
			"__comment": "Box20",
			"from": [ 0, 4, 14 ],
			"to": [ 1, 5, 16 ],
			"faces": {
				"down": { "uv": [ 2, 2.5, 2.5, 3.5 ], "texture": "#texture", "rotation": 270 },
				"up": { "uv": [ 2, 2.5, 2.5, 3.5 ], "texture": "#texture", "rotation": 90 },
				"north": { "uv": [ 5, 5, 6, 5.5 ], "texture": "#texture" },
				"south": { "uv": [ 5, 5, 6, 5.5 ], "texture": "#texture" },
				"west": { "uv": [ 5.5, 3, 6, 3.5 ], "texture": "#texture" },
				"east": { "uv": [ 5.5, 3, 6, 3.5 ], "texture": "#texture" }
			}
		},
		{
			"__comment": "Box20",
			"from": [ 0, 10, 14 ],
			"to": [ 1, 11, 16 ],
			"faces": {
				"down": { "uv": [ 2, 2.5, 2.5, 3.5 ], "texture": "#texture", "rotation": 270 },
				"up": { "uv": [ 2, 2.5, 2.5, 3.5 ], "texture": "#texture", "rotation": 90 },
				"north": { "uv": [ 5, 5, 6, 5.5 ], "texture": "#texture" },
				"south": { "uv": [ 5, 5, 6, 5.5 ], "texture": "#texture" },
				"west": { "uv": [ 5.5, 3, 6, 3.5 ], "texture": "#texture" },
				"east": { "uv": [ 5.5, 3, 6, 3.5 ], "texture": "#texture" }
			}
		},
		{
			"__comment": "Box20",
			"from": [ 0, 6, 14 ],
			"to": [ 1, 7, 16 ],
			"faces": {
				"down": { "uv": [ 2, 2.5, 2.5, 3.5 ], "texture": "#texture", "rotation": 270 },
				"up": { "uv": [ 2, 2.5, 2.5, 3.5 ], "texture": "#texture", "rotation": 90 },
				"north": { "uv": [ 5, 5, 6, 5.5 ], "texture": "#texture" },
				"south": { "uv": [ 5, 5, 6, 5.5 ], "texture": "#texture" },
				"west": { "uv": [ 5.5, 3, 6, 3.5 ], "texture": "#texture" },
				"east": { "uv": [ 5.5, 3, 6, 3.5 ], "texture": "#texture" }
			}
		},
		{
			"__comment": "Box20",
			"from": [ 0, 2, 14 ],
			"to": [ 1, 3, 16 ],
			"faces": {
				"down": { "uv": [ 2, 2.5, 2.5, 3.5 ], "texture": "#texture", "rotation": 270 },
				"up": { "uv": [ 2, 2.5, 2.5, 3.5 ], "texture": "#texture", "rotation": 90 },
				"north": { "uv": [ 5, 5, 6, 5.5 ], "texture": "#texture" },
				"south": { "uv": [ 5, 5, 6, 5.5 ], "texture": "#texture" },
				"west": { "uv": [ 5.5, 3, 6, 3.5 ], "texture": "#texture" },
				"east": { "uv": [ 5.5, 3, 6, 3.5 ], "texture": "#texture" }
			}
		},
		{
			"__comment": "Box3",
			"from": [ 9, 0, 15 ],
			"to": [ 10, 5, 16 ],
			"faces": {
				"down": { "uv": [ 0, 0, 0.5, 0.5 ], "texture": "#texture" },
				"up": { "uv": [ 0, 0, 0.5, 0.5 ], "texture": "#texture" },
				"north": { "uv": [ 7.5, 3, 8, 5.5 ], "texture": "#texture" },
				"south": { "uv": [ 7.5, 3, 8, 5.5 ], "texture": "#texture" },
				"west": { "uv": [ 7.5, 3, 8, 5.5 ], "texture": "#texture" },
				"east": { "uv": [ 7.5, 3, 8, 5.5 ], "texture": "#texture" }
			}
		},
		{
			"__comment": "Box3",
			"from": [ 6, 0, 15 ],
			"to": [ 7, 5, 16 ],
			"faces": {
				"down": { "uv": [ 0, 0, 0.5, 0.5 ], "texture": "#texture" },
				"up": { "uv": [ 0, 0, 0.5, 0.5 ], "texture": "#texture" },
				"north": { "uv": [ 7.5, 3, 8, 5.5 ], "texture": "#texture" },
				"south": { "uv": [ 7.5, 3, 8, 5.5 ], "texture": "#texture" },
				"west": { "uv": [ 7.5, 3, 8, 5.5 ], "texture": "#texture" },
				"east": { "uv": [ 7.5, 3, 8, 5.5 ], "texture": "#texture" }
			}
		},
		{
			"__comment": "Box25",
			"from": [ 3, 5, 15 ],
			"to": [ 7, 6, 16 ],
			"faces": {
				"down": { "uv": [ 0, 0, 0.5, 2 ], "texture": "#texture" },
				"up": { "uv": [ 0, 0, 0.5, 2 ], "texture": "#texture" },
				"north": { "uv": [ 0, 3, 0.5, 3.5 ], "texture": "#texture" },
				"south": { "uv": [ 0, 3, 0.5, 3.5 ], "texture": "#texture" },
				"west": { "uv": [ 3, 3, 5, 3.5 ], "texture": "#texture" },
				"east": { "uv": [ 3, 3, 5, 3.5 ], "texture": "#texture" }
			}
		},
		{
			"__comment": "Box5",
			"from": [ 4, 3, 15 ],
			"to": [ 5, 4, 16 ],
			"faces": {
				"down": { "uv": [ 2.5, 3, 3, 3.5 ], "texture": "#texture" },
				"up": { "uv": [ 1, 1.5, 1.5, 2 ], "texture": "#texture" },
				"north": { "uv": [ 2.5, 3, 3, 3.5 ], "texture": "#texture" },
				"south": { "uv": [ 1, 1.5, 1.5, 2 ], "texture": "#texture" },
				"west": { "uv": [ 2.5, 3, 3, 3.5 ], "texture": "#texture" },
				"east": { "uv": [ 1, 1.5, 1.5, 2 ], "texture": "#texture" }
			}
		},
		{
			"__comment": "Box21",
			"from": [ 2, 1, 15 ],
			"to": [ 3, 7, 16 ],
			"faces": {
				"down": { "uv": [ 0, 0, 0.5, 0.5 ], "texture": "#texture" },
				"up": { "uv": [ 0, 0, 0.5, 0.5 ], "texture": "#texture" },
				"north": { "uv": [ 7, 0, 7.5, 3 ], "texture": "#texture" },
				"south": { "uv": [ 7, 0, 7.5, 3 ], "texture": "#texture" },
				"west": { "uv": [ 7, 0, 7.5, 3 ], "texture": "#texture" },
				"east": { "uv": [ 7, 0, 7.5, 3 ], "texture": "#texture" }
			}
		},
		{
			"__comment": "Box20",
			"from": [ 3, 2, 15 ],
			"to": [ 5, 3, 16 ],
			"faces": {
				"down": { "uv": [ 0, 3, 0.5, 4 ], "texture": "#texture" },
				"up": { "uv": [ 0, 3, 0.5, 4 ], "texture": "#texture" },
				"north": { "uv": [ 7, 2.5, 7.5, 3 ], "texture": "#texture" },
				"south": { "uv": [ 7, 2.5, 7.5, 3 ], "texture": "#texture" },
				"west": { "uv": [ 0, 3, 1, 3.5 ], "texture": "#texture" },
				"east": { "uv": [ 0, 3, 1, 3.5 ], "texture": "#texture" }
			}
		},
		{
			"__comment": "Box5",
			"from": [ 1, 2, 15 ],
			"to": [ 2, 3, 16 ],
			"faces": {
				"down": { "uv": [ 2.5, 3, 3, 3.5 ], "texture": "#texture" },
				"up": { "uv": [ 1, 1.5, 1.5, 2 ], "texture": "#texture" },
				"north": { "uv": [ 2.5, 3, 3, 3.5 ], "texture": "#texture" },
				"south": { "uv": [ 1, 1.5, 1.5, 2 ], "texture": "#texture" },
				"west": { "uv": [ 2.5, 3, 3, 3.5 ], "texture": "#texture" },
				"east": { "uv": [ 1, 1.5, 1.5, 2 ], "texture": "#texture" }
			}
		},
		{
			"__comment": "Box5",
			"from": [ 1, 4, 15 ],
			"to": [ 2, 5, 16 ],
			"faces": {
				"down": { "uv": [ 2.5, 3, 3, 3.5 ], "texture": "#texture" },
				"up": { "uv": [ 1, 1.5, 1.5, 2 ], "texture": "#texture" },
				"north": { "uv": [ 2.5, 3, 3, 3.5 ], "texture": "#texture" },
				"south": { "uv": [ 1, 1.5, 1.5, 2 ], "texture": "#texture" },
				"west": { "uv": [ 2.5, 3, 3, 3.5 ], "texture": "#texture" },
				"east": { "uv": [ 1, 1.5, 1.5, 2 ], "texture": "#texture" }
			}
		},
		{
			"__comment": "Box5",
			"from": [ 1, 6, 15 ],
			"to": [ 2, 7, 16 ],
			"faces": {
				"down": { "uv": [ 2.5, 3, 3, 3.5 ], "texture": "#texture" },
				"up": { "uv": [ 1, 1.5, 1.5, 2 ], "texture": "#texture" },
				"north": { "uv": [ 2.5, 3, 3, 3.5 ], "texture": "#texture" },
				"south": { "uv": [ 1, 1.5, 1.5, 2 ], "texture": "#texture" },
				"west": { "uv": [ 2.5, 3, 3, 3.5 ], "texture": "#texture" },
				"east": { "uv": [ 1, 1.5, 1.5, 2 ], "texture": "#texture" }
			}
		},
		{
			"__comment": "Box5",
			"from": [ 6, 7, 15 ],
			"to": [ 7, 8, 16 ],
			"faces": {
				"down": { "uv": [ 2.5, 3, 3, 3.5 ], "texture": "#texture" },
				"up": { "uv": [ 1, 1.5, 1.5, 2 ], "texture": "#texture" },
				"north": { "uv": [ 2.5, 3, 3, 3.5 ], "texture": "#texture" },
				"south": { "uv": [ 1, 1.5, 1.5, 2 ], "texture": "#texture" },
				"west": { "uv": [ 2.5, 3, 3, 3.5 ], "texture": "#texture" },
				"east": { "uv": [ 1, 1.5, 1.5, 2 ], "texture": "#texture" }
			}
		},
		{
			"__comment": "Box20",
			"from": [ 6, 8, 15 ],
			"to": [ 8, 9, 16 ],
			"faces": {
				"down": { "uv": [ 0, 3, 0.5, 4 ], "texture": "#texture" },
				"up": { "uv": [ 0, 3, 0.5, 4 ], "texture": "#texture" },
				"north": { "uv": [ 7, 2.5, 7.5, 3 ], "texture": "#texture" },
				"south": { "uv": [ 7, 2.5, 7.5, 3 ], "texture": "#texture" },
				"west": { "uv": [ 0, 3, 1, 3.5 ], "texture": "#texture" },
				"east": { "uv": [ 0, 3, 1, 3.5 ], "texture": "#texture" }
			}
		},
		{
			"__comment": "Box20",
			"from": [ 8, 7, 15 ],
			"to": [ 10, 8, 16 ],
			"faces": {
				"down": { "uv": [ 0, 3, 0.5, 4 ], "texture": "#texture" },
				"up": { "uv": [ 0, 3, 0.5, 4 ], "texture": "#texture" },
				"north": { "uv": [ 7, 2.5, 7.5, 3 ], "texture": "#texture" },
				"south": { "uv": [ 7, 2.5, 7.5, 3 ], "texture": "#texture" },
				"west": { "uv": [ 0, 3, 1, 3.5 ], "texture": "#texture" },
				"east": { "uv": [ 0, 3, 1, 3.5 ], "texture": "#texture" }
			}
		},
		{
			"__comment": "Box5",
			"from": [ 9, 8, 15 ],
			"to": [ 10, 9, 16 ],
			"faces": {
				"down": { "uv": [ 2.5, 3, 3, 3.5 ], "texture": "#texture" },
				"up": { "uv": [ 1, 1.5, 1.5, 2 ], "texture": "#texture" },
				"north": { "uv": [ 2.5, 3, 3, 3.5 ], "texture": "#texture" },
				"south": { "uv": [ 1, 1.5, 1.5, 2 ], "texture": "#texture" },
				"west": { "uv": [ 2.5, 3, 3, 3.5 ], "texture": "#texture" },
				"east": { "uv": [ 1, 1.5, 1.5, 2 ], "texture": "#texture" }
			}
		},
		{
			"__comment": "Box25",
			"from": [ 9, 5, 15 ],
			"to": [ 13, 6, 16 ],
			"faces": {
				"down": { "uv": [ 0, 0, 0.5, 2 ], "texture": "#texture", "rotation": 180 },
				"up": { "uv": [ 0, 0, 0.5, 2 ], "texture": "#texture", "rotation": 180 },
				"north": { "uv": [ 0, 3, 0.5, 3.5 ], "texture": "#texture" },
				"south": { "uv": [ 0, 3, 0.5, 3.5 ], "texture": "#texture" },
				"west": { "uv": [ 3, 3, 5, 3.5 ], "texture": "#texture" },
				"east": { "uv": [ 3, 3, 5, 3.5 ], "texture": "#texture" }
			}
		},
		{
			"__comment": "Box20",
			"from": [ 11, 2, 15 ],
			"to": [ 13, 3, 16 ],
			"faces": {
				"down": { "uv": [ 0, 3, 0.5, 4 ], "texture": "#texture", "rotation": 180 },
				"up": { "uv": [ 0, 3, 0.5, 4 ], "texture": "#texture", "rotation": 180 },
				"north": { "uv": [ 7, 2.5, 7.5, 3 ], "texture": "#texture" },
				"south": { "uv": [ 7, 2.5, 7.5, 3 ], "texture": "#texture" },
				"west": { "uv": [ 0, 3, 1, 3.5 ], "texture": "#texture" },
				"east": { "uv": [ 0, 3, 1, 3.5 ], "texture": "#texture" }
			}
		},
		{
			"__comment": "Box5",
			"from": [ 11, 3, 15 ],
			"to": [ 12, 4, 16 ],
			"faces": {
				"down": { "uv": [ 2.5, 3, 3, 3.5 ], "texture": "#texture", "rotation": 180 },
				"up": { "uv": [ 1, 1.5, 1.5, 2 ], "texture": "#texture", "rotation": 180 },
				"north": { "uv": [ 1, 1.5, 1.5, 2 ], "texture": "#texture" },
				"south": { "uv": [ 2.5, 3, 3, 3.5 ], "texture": "#texture" },
				"west": { "uv": [ 1, 1.5, 1.5, 2 ], "texture": "#texture" },
				"east": { "uv": [ 2.5, 3, 3, 3.5 ], "texture": "#texture" }
			}
		},
		{
			"__comment": "Box21",
			"from": [ 13, 1, 15 ],
			"to": [ 14, 7, 16 ],
			"faces": {
				"down": { "uv": [ 0, 0, 0.5, 0.5 ], "texture": "#texture", "rotation": 180 },
				"up": { "uv": [ 0, 0, 0.5, 0.5 ], "texture": "#texture", "rotation": 180 },
				"north": { "uv": [ 7, 0, 7.5, 3 ], "texture": "#texture" },
				"south": { "uv": [ 7, 0, 7.5, 3 ], "texture": "#texture" },
				"west": { "uv": [ 7, 0, 7.5, 3 ], "texture": "#texture" },
				"east": { "uv": [ 7, 0, 7.5, 3 ], "texture": "#texture" }
			}
		},
		{
			"__comment": "Box20",
			"from": [ 14, 2, 15 ],
			"to": [ 16, 3, 16 ],
			"faces": {
				"down": { "uv": [ 2, 2.5, 2.5, 3.5 ], "texture": "#texture" },
				"up": { "uv": [ 2, 2.5, 2.5, 3.5 ], "texture": "#texture" },
				"north": { "uv": [ 5.5, 3, 6, 3.5 ], "texture": "#texture" },
				"south": { "uv": [ 5.5, 3, 6, 3.5 ], "texture": "#texture" },
				"west": { "uv": [ 5, 5, 6, 5.5 ], "texture": "#texture" },
				"east": { "uv": [ 5, 5, 6, 5.5 ], "texture": "#texture" }
			}
		},
		{
			"__comment": "Box20",
			"from": [ 14, 4, 15 ],
			"to": [ 16, 5, 16 ],
			"faces": {
				"down": { "uv": [ 2, 2.5, 2.5, 3.5 ], "texture": "#texture" },
				"up": { "uv": [ 2, 2.5, 2.5, 3.5 ], "texture": "#texture" },
				"north": { "uv": [ 5.5, 3, 6, 3.5 ], "texture": "#texture" },
				"south": { "uv": [ 5.5, 3, 6, 3.5 ], "texture": "#texture" },
				"west": { "uv": [ 5, 5, 6, 5.5 ], "texture": "#texture" },
				"east": { "uv": [ 5, 5, 6, 5.5 ], "texture": "#texture" }
			}
		},
		{
			"__comment": "Box20",
			"from": [ 14, 6, 15 ],
			"to": [ 16, 7, 16 ],
			"faces": {
				"down": { "uv": [ 2, 2.5, 2.5, 3.5 ], "texture": "#texture" },
				"up": { "uv": [ 2, 2.5, 2.5, 3.5 ], "texture": "#texture" },
				"north": { "uv": [ 5.5, 3, 6, 3.5 ], "texture": "#texture" },
				"south": { "uv": [ 5.5, 3, 6, 3.5 ], "texture": "#texture" },
				"west": { "uv": [ 5, 5, 6, 5.5 ], "texture": "#texture" },
				"east": { "uv": [ 5, 5, 6, 5.5 ], "texture": "#texture" }
			}
		},
		{
			"__comment": "Box3",
			"from": [ 13, 8, 15 ],
			"to": [ 14, 13, 16 ],
			"faces": {
				"down": { "uv": [ 0, 0, 0.5, 0.5 ], "texture": "#texture" },
				"up": { "uv": [ 0, 0, 0.5, 0.5 ], "texture": "#texture" },
				"north": { "uv": [ 7.5, 3, 8, 5.5 ], "texture": "#texture" },
				"south": { "uv": [ 7.5, 3, 8, 5.5 ], "texture": "#texture" },
				"west": { "uv": [ 7.5, 3, 8, 5.5 ], "texture": "#texture" },
				"east": { "uv": [ 7.5, 3, 8, 5.5 ], "texture": "#texture" }
			}
		},
		{
			"__comment": "Box20",
			"from": [ 14, 8, 15 ],
			"to": [ 16, 9, 16 ],
			"faces": {
				"down": { "uv": [ 2, 2.5, 2.5, 3.5 ], "texture": "#texture" },
				"up": { "uv": [ 2, 2.5, 2.5, 3.5 ], "texture": "#texture" },
				"north": { "uv": [ 5.5, 3, 6, 3.5 ], "texture": "#texture" },
				"south": { "uv": [ 5.5, 3, 6, 3.5 ], "texture": "#texture" },
				"west": { "uv": [ 5, 5, 6, 5.5 ], "texture": "#texture" },
				"east": { "uv": [ 5, 5, 6, 5.5 ], "texture": "#texture" }
			}
		},
		{
			"__comment": "Box20",
			"from": [ 14, 10, 15 ],
			"to": [ 16, 11, 16 ],
			"faces": {
				"down": { "uv": [ 2, 2.5, 2.5, 3.5 ], "texture": "#texture" },
				"up": { "uv": [ 2, 2.5, 2.5, 3.5 ], "texture": "#texture" },
				"north": { "uv": [ 5.5, 3, 6, 3.5 ], "texture": "#texture" },
				"south": { "uv": [ 5.5, 3, 6, 3.5 ], "texture": "#texture" },
				"west": { "uv": [ 5, 5, 6, 5.5 ], "texture": "#texture" },
				"east": { "uv": [ 5, 5, 6, 5.5 ], "texture": "#texture" }
			}
		},
		{
			"__comment": "Box20",
			"from": [ 14, 12, 15 ],
			"to": [ 16, 13, 16 ],
			"faces": {
				"down": { "uv": [ 2, 2.5, 2.5, 3.5 ], "texture": "#texture" },
				"up": { "uv": [ 2, 2.5, 2.5, 3.5 ], "texture": "#texture" },
				"north": { "uv": [ 5.5, 3, 6, 3.5 ], "texture": "#texture" },
				"south": { "uv": [ 5.5, 3, 6, 3.5 ], "texture": "#texture" },
				"west": { "uv": [ 5, 5, 6, 5.5 ], "texture": "#texture" },
				"east": { "uv": [ 5, 5, 6, 5.5 ], "texture": "#texture" }
			}
		},
		{
			"__comment": "Box5",
			"from": [ 12, 12, 15 ],
			"to": [ 13, 13, 16 ],
			"faces": {
				"down": { "uv": [ 2.5, 3, 3, 3.5 ], "texture": "#texture" },
				"up": { "uv": [ 1, 1.5, 1.5, 2 ], "texture": "#texture" },
				"north": { "uv": [ 2.5, 3, 3, 3.5 ], "texture": "#texture" },
				"south": { "uv": [ 1, 1.5, 1.5, 2 ], "texture": "#texture" },
				"west": { "uv": [ 2.5, 3, 3, 3.5 ], "texture": "#texture" },
				"east": { "uv": [ 1, 1.5, 1.5, 2 ], "texture": "#texture" }
			}
		},
		{
			"__comment": "Box3",
			"from": [ 11, 10, 15 ],
			"to": [ 12, 13, 16 ],
			"faces": {
				"down": { "uv": [ 0, 0, 0.5, 0.5 ], "texture": "#texture" },
				"up": { "uv": [ 0, 0, 0.5, 0.5 ], "texture": "#texture" },
				"north": { "uv": [ 7.5, 3, 8, 4.5 ], "texture": "#texture" },
				"south": { "uv": [ 7.5, 3, 8, 4.5 ], "texture": "#texture" },
				"west": { "uv": [ 7.5, 3, 8, 4.5 ], "texture": "#texture" },
				"east": { "uv": [ 7.5, 3, 8, 4.5 ], "texture": "#texture" }
			}
		},
		{
			"__comment": "Box5",
			"from": [ 10, 10, 15 ],
			"to": [ 11, 11, 16 ],
			"faces": {
				"down": { "uv": [ 2.5, 3, 3, 3.5 ], "texture": "#texture" },
				"up": { "uv": [ 1, 1.5, 1.5, 2 ], "texture": "#texture" },
				"north": { "uv": [ 2.5, 3, 3, 3.5 ], "texture": "#texture" },
				"south": { "uv": [ 1, 1.5, 1.5, 2 ], "texture": "#texture" },
				"west": { "uv": [ 2.5, 3, 3, 3.5 ], "texture": "#texture" },
				"east": { "uv": [ 1, 1.5, 1.5, 2 ], "texture": "#texture" }
			}
		},
		{
			"__comment": "Box3",
			"from": [ 9, 10, 15 ],
			"to": [ 10, 14, 16 ],
			"faces": {
				"down": { "uv": [ 0, 0, 0.5, 0.5 ], "texture": "#texture", "rotation": 180 },
				"up": { "uv": [ 0, 0, 0.5, 0.5 ], "texture": "#texture", "rotation": 180 },
				"north": { "uv": [ 7.5, 3, 8, 5 ], "texture": "#texture" },
				"south": { "uv": [ 7.5, 3, 8, 5 ], "texture": "#texture" },
				"west": { "uv": [ 5.5, 2.5, 6, 4.5 ], "texture": "#texture" },
				"east": { "uv": [ 5.5, 2.5, 6, 4.5 ], "texture": "#texture" }
			}
		},
		{
			"__comment": "Box20",
			"from": [ 7, 11, 15 ],
			"to": [ 9, 12, 16 ],
			"faces": {
				"down": { "uv": [ 0, 3, 0.5, 4 ], "texture": "#texture" },
				"up": { "uv": [ 0, 3, 0.5, 4 ], "texture": "#texture" },
				"north": { "uv": [ 7, 2.5, 7.5, 3 ], "texture": "#texture" },
				"south": { "uv": [ 7, 2.5, 7.5, 3 ], "texture": "#texture" },
				"west": { "uv": [ 0, 3, 1, 3.5 ], "texture": "#texture" },
				"east": { "uv": [ 0, 3, 1, 3.5 ], "texture": "#texture" }
			}
		},
		{
			"__comment": "Box3",
			"from": [ 6, 10, 15 ],
			"to": [ 7, 14, 16 ],
			"faces": {
				"down": { "uv": [ 0, 0, 0.5, 0.5 ], "texture": "#texture", "rotation": 180 },
				"up": { "uv": [ 0, 0, 0.5, 0.5 ], "texture": "#texture", "rotation": 180 },
				"north": { "uv": [ 7.5, 3, 8, 5 ], "texture": "#texture" },
				"south": { "uv": [ 7.5, 3, 8, 5 ], "texture": "#texture" },
				"west": { "uv": [ 5.5, 2.5, 6, 4.5 ], "texture": "#texture" },
				"east": { "uv": [ 5.5, 2.5, 6, 4.5 ], "texture": "#texture" }
			}
		},
		{
			"__comment": "Box5",
			"from": [ 5, 10, 15 ],
			"to": [ 6, 11, 16 ],
			"faces": {
				"down": { "uv": [ 2.5, 3, 3, 3.5 ], "texture": "#texture" },
				"up": { "uv": [ 1, 1.5, 1.5, 2 ], "texture": "#texture" },
				"north": { "uv": [ 2.5, 3, 3, 3.5 ], "texture": "#texture" },
				"south": { "uv": [ 1, 1.5, 1.5, 2 ], "texture": "#texture" },
				"west": { "uv": [ 2.5, 3, 3, 3.5 ], "texture": "#texture" },
				"east": { "uv": [ 1, 1.5, 1.5, 2 ], "texture": "#texture" }
			}
		},
		{
			"__comment": "Box3",
			"from": [ 4, 10, 15 ],
			"to": [ 5, 13, 16 ],
			"faces": {
				"down": { "uv": [ 0, 0, 0.5, 0.5 ], "texture": "#texture" },
				"up": { "uv": [ 0, 0, 0.5, 0.5 ], "texture": "#texture" },
				"north": { "uv": [ 7.5, 3, 8, 4.5 ], "texture": "#texture" },
				"south": { "uv": [ 7.5, 3, 8, 4.5 ], "texture": "#texture" },
				"west": { "uv": [ 7.5, 3, 8, 4.5 ], "texture": "#texture" },
				"east": { "uv": [ 7.5, 3, 8, 4.5 ], "texture": "#texture" }
			}
		},
		{
			"__comment": "Box5",
			"from": [ 3, 12, 15 ],
			"to": [ 4, 13, 16 ],
			"faces": {
				"down": { "uv": [ 2.5, 3, 3, 3.5 ], "texture": "#texture" },
				"up": { "uv": [ 1, 1.5, 1.5, 2 ], "texture": "#texture" },
				"north": { "uv": [ 2.5, 3, 3, 3.5 ], "texture": "#texture" },
				"south": { "uv": [ 1, 1.5, 1.5, 2 ], "texture": "#texture" },
				"west": { "uv": [ 2.5, 3, 3, 3.5 ], "texture": "#texture" },
				"east": { "uv": [ 1, 1.5, 1.5, 2 ], "texture": "#texture" }
			}
		},
		{
			"__comment": "Box5",
			"from": [ 1, 12, 15 ],
			"to": [ 2, 13, 16 ],
			"faces": {
				"down": { "uv": [ 2.5, 3, 3, 3.5 ], "texture": "#texture" },
				"up": { "uv": [ 1, 1.5, 1.5, 2 ], "texture": "#texture" },
				"north": { "uv": [ 7, 7.5, 7.5, 8 ], "texture": "#texture" },
				"south": { "uv": [ 1, 1.5, 1.5, 2 ], "texture": "#texture" },
				"west": { "uv": [ 6, 7.5, 6.5, 8 ], "texture": "#texture" },
				"east": { "uv": [ 5.5, 2.5, 6, 3 ], "texture": "#texture" }
			}
		},
		{
			"__comment": "Box3",
			"from": [ 2, 8, 15 ],
			"to": [ 3, 13, 16 ],
			"faces": {
				"down": { "uv": [ 0, 0, 0.5, 0.5 ], "texture": "#texture" },
				"up": { "uv": [ 0, 0, 0.5, 0.5 ], "texture": "#texture" },
				"north": { "uv": [ 7.5, 3, 8, 5.5 ], "texture": "#texture" },
				"south": { "uv": [ 7.5, 3, 8, 5.5 ], "texture": "#texture" },
				"west": { "uv": [ 7.5, 3, 8, 5.5 ], "texture": "#texture" },
				"east": { "uv": [ 7.5, 3, 8, 5.5 ], "texture": "#texture" }
			}
		},
		{
			"__comment": "Box5",
			"from": [ 1, 10, 15 ],
			"to": [ 2, 11, 16 ],
			"faces": {
				"down": { "uv": [ 2.5, 3, 3, 3.5 ], "texture": "#texture" },
				"up": { "uv": [ 1, 1.5, 1.5, 2 ], "texture": "#texture" },
				"north": { "uv": [ 2.5, 3, 3, 3.5 ], "texture": "#texture" },
				"south": { "uv": [ 1, 1.5, 1.5, 2 ], "texture": "#texture" },
				"west": { "uv": [ 2.5, 3, 3, 3.5 ], "texture": "#texture" },
				"east": { "uv": [ 1, 1.5, 1.5, 2 ], "texture": "#texture" }
			}
		},
		{
			"__comment": "Box5",
			"from": [ 1, 8, 15 ],
			"to": [ 2, 9, 16 ],
			"faces": {
				"down": { "uv": [ 2.5, 3, 3, 3.5 ], "texture": "#texture" },
				"up": { "uv": [ 1, 1.5, 1.5, 2 ], "texture": "#texture" },
				"north": { "uv": [ 2.5, 3, 3, 3.5 ], "texture": "#texture" },
				"south": { "uv": [ 1, 1.5, 1.5, 2 ], "texture": "#texture" },
				"west": { "uv": [ 2.5, 3, 3, 3.5 ], "texture": "#texture" },
				"east": { "uv": [ 1, 1.5, 1.5, 2 ], "texture": "#texture" }
			}
		}
	],
	"display": {
		"thirdperson_righthand": {
			"rotation":  [ 75, 45, 0 ],
			"translation":  [ 0, 2.5, 0 ],
			"scale":  [ 0.375, 0.375, 0.375 ]
		},
		"thirdperson_lefthand": {
			"rotation":  [ 75, 45, 0 ],
			"translation":  [ 0, 2.5, 0 ],
			"scale":  [ 0.375, 0.375, 0.375 ]
		},
		"firstperson_righthand": {
			"rotation":  [ 0, 45, 0 ],
			"scale":  [ 0.4, 0.4, 0.4 ]
		},
		"firstperson_lefthand": {
			"rotation":  [ 0, 45, 0 ],
			"scale":  [ 0.4, 0.4, 0.4 ]
		},
		"gui": {
			"rotation":  [ 30, 225, 0 ],
			"scale":  [ 0.625, 0.625, 0.625 ]
		},
		"ground": {
			"translation":  [ 0, 3, 0 ],
			"scale":  [ 0.25, 0.25, 0.25 ]
		},
		"fixed": {
			"scale":  [ 0.5, 0.5, 0.5 ]
		}
	}
}