{
	"__comment": "Designed by Inzhefop with Cubik Studio - https://cubik.studio",
	"textures": {
		"particle": "blocks/e_particle",
		"texture": "iron_block"
	},
	"elements": [ 	 
		{
			"__comment": "Box1",
			"from": [ 0, 0, 0 ],
			"to": [ 16, 1, 16 ],
			"faces": {
				"down": { "uv": [ 0, 0, 16, 16 ], "texture": "#texture" },
				"up": { "uv": [ 0, 0, 16, 16 ], "texture": "#texture" },
				"north": { "uv": [ 0, 15, 16, 16 ], "texture": "#texture" },
				"south": { "uv": [ 0, 15, 16, 16 ], "texture": "#texture" },
				"west": { "uv": [ 0, 15, 16, 16 ], "texture": "#texture" },
				"east": { "uv": [ 0, 15, 16, 16 ], "texture": "#texture" }
			}
		},
		{
			"__comment": "Box4",
			"from": [ 2, 1, 2 ],
			"to": [ 5, 4, 5 ],
			"faces": {
				"down": { "uv": [ 2, 11, 5, 14 ], "texture": "#texture" },
				"up": { "uv": [ 2, 2, 5, 5 ], "texture": "#texture" },
				"north": { "uv": [ 11, 12, 14, 15 ], "texture": "#texture" },
				"south": { "uv": [ 2, 12, 5, 15 ], "texture": "#texture" },
				"west": { "uv": [ 2, 12, 5, 15 ], "texture": "#texture" },
				"east": { "uv": [ 11, 12, 14, 15 ], "texture": "#texture" }
			}
		},
		{
			"__comment": "Box15",
			"from": [ 2.5, 4, 2.5 ],
			"to": [ 4.5, 8, 4.5 ],
			"faces": {
				"down": { "uv": [ 2.5, 11.5, 4.5, 13.5 ], "texture": "#texture" },
				"up": { "uv": [ 2.5, 2.5, 4.5, 4.5 ], "texture": "#texture" },
				"north": { "uv": [ 11.5, 8, 13.5, 12 ], "texture": "#texture" },
				"south": { "uv": [ 2.5, 8, 4.5, 12 ], "texture": "#texture" },
				"west": { "uv": [ 2.5, 8, 4.5, 12 ], "texture": "#texture" },
				"east": { "uv": [ 11.5, 8, 13.5, 12 ], "texture": "#texture" }
			}
		},
		{
			"__comment": "Box16",
			"from": [ 3, 8, 3 ],
			"to": [ 4, 13, 4 ],
			"faces": {
				"down": { "uv": [ 3, 12, 4, 13 ], "texture": "#texture" },
				"up": { "uv": [ 3, 3, 4, 4 ], "texture": "#texture" },
				"north": { "uv": [ 12, 3, 13, 8 ], "texture": "#texture" },
				"south": { "uv": [ 3, 3, 4, 8 ], "texture": "#texture" },
				"west": { "uv": [ 3, 3, 4, 8 ], "texture": "#texture" },
				"east": { "uv": [ 12, 3, 13, 8 ], "texture": "#texture" }
			}
		},
		{
			"__comment": "Box4",
			"from": [ 2, 1, 6.5 ],
			"to": [ 5, 4, 9.5 ],
			"faces": {
				"down": { "uv": [ 2, 11, 5, 14 ], "texture": "#texture" },
				"up": { "uv": [ 2, 2, 5, 5 ], "texture": "#texture" },
				"north": { "uv": [ 11, 12, 14, 15 ], "texture": "#texture" },
				"south": { "uv": [ 2, 12, 5, 15 ], "texture": "#texture" },
				"west": { "uv": [ 2, 12, 5, 15 ], "texture": "#texture" },
				"east": { "uv": [ 11, 12, 14, 15 ], "texture": "#texture" }
			}
		},
		{
			"__comment": "Box15",
			"from": [ 2.5, 4, 7 ],
			"to": [ 4.5, 8, 9 ],
			"faces": {
				"down": { "uv": [ 2.5, 11.5, 4.5, 13.5 ], "texture": "#texture" },
				"up": { "uv": [ 2.5, 2.5, 4.5, 4.5 ], "texture": "#texture" },
				"north": { "uv": [ 11.5, 8, 13.5, 12 ], "texture": "#texture" },
				"south": { "uv": [ 2.5, 8, 4.5, 12 ], "texture": "#texture" },
				"west": { "uv": [ 2.5, 8, 4.5, 12 ], "texture": "#texture" },
				"east": { "uv": [ 11.5, 8, 13.5, 12 ], "texture": "#texture" }
			}
		},
		{
			"__comment": "Box16",
			"from": [ 3, 8, 7.5 ],
			"to": [ 4, 13, 8.5 ],
			"faces": {
				"down": { "uv": [ 3, 12, 4, 13 ], "texture": "#texture" },
				"up": { "uv": [ 3, 3, 4, 4 ], "texture": "#texture" },
				"north": { "uv": [ 12, 3, 13, 8 ], "texture": "#texture" },
				"south": { "uv": [ 3, 3, 4, 8 ], "texture": "#texture" },
				"west": { "uv": [ 3, 3, 4, 8 ], "texture": "#texture" },
				"east": { "uv": [ 12, 3, 13, 8 ], "texture": "#texture" }
			}
		},
		{
			"__comment": "Box4",
			"from": [ 2, 1, 11 ],
			"to": [ 5, 4, 14 ],
			"faces": {
				"down": { "uv": [ 2, 11, 5, 14 ], "texture": "#texture" },
				"up": { "uv": [ 2, 2, 5, 5 ], "texture": "#texture" },
				"north": { "uv": [ 11, 12, 14, 15 ], "texture": "#texture" },
				"south": { "uv": [ 2, 12, 5, 15 ], "texture": "#texture" },
				"west": { "uv": [ 2, 12, 5, 15 ], "texture": "#texture" },
				"east": { "uv": [ 11, 12, 14, 15 ], "texture": "#texture" }
			}
		},
		{
			"__comment": "Box15",
			"from": [ 2.5, 4, 11.5 ],
			"to": [ 4.5, 8, 13.5 ],
			"faces": {
				"down": { "uv": [ 2.5, 11.5, 4.5, 13.5 ], "texture": "#texture" },
				"up": { "uv": [ 2.5, 2.5, 4.5, 4.5 ], "texture": "#texture" },
				"north": { "uv": [ 11.5, 8, 13.5, 12 ], "texture": "#texture" },
				"south": { "uv": [ 2.5, 8, 4.5, 12 ], "texture": "#texture" },
				"west": { "uv": [ 2.5, 8, 4.5, 12 ], "texture": "#texture" },
				"east": { "uv": [ 11.5, 8, 13.5, 12 ], "texture": "#texture" }
			}
		},
		{
			"__comment": "Box16",
			"from": [ 3, 8, 12 ],
			"to": [ 4, 13, 13 ],
			"faces": {
				"down": { "uv": [ 3, 12, 4, 13 ], "texture": "#texture" },
				"up": { "uv": [ 3, 3, 4, 4 ], "texture": "#texture" },
				"north": { "uv": [ 12, 3, 13, 8 ], "texture": "#texture" },
				"south": { "uv": [ 3, 3, 4, 8 ], "texture": "#texture" },
				"west": { "uv": [ 3, 3, 4, 8 ], "texture": "#texture" },
				"east": { "uv": [ 12, 3, 13, 8 ], "texture": "#texture" }
			}
		},
		{
			"__comment": "Box4",
			"from": [ 11, 1, 2 ],
			"to": [ 14, 4, 5 ],
			"faces": {
				"down": { "uv": [ 2, 11, 5, 14 ], "texture": "#texture" },
				"up": { "uv": [ 2, 2, 5, 5 ], "texture": "#texture" },
				"north": { "uv": [ 11, 12, 14, 15 ], "texture": "#texture" },
				"south": { "uv": [ 2, 12, 5, 15 ], "texture": "#texture" },
				"west": { "uv": [ 2, 12, 5, 15 ], "texture": "#texture" },
				"east": { "uv": [ 11, 12, 14, 15 ], "texture": "#texture" }
			}
		},
		{
			"__comment": "Box15",
			"from": [ 11.5, 4, 2.5 ],
			"to": [ 13.5, 8, 4.5 ],
			"faces": {
				"down": { "uv": [ 2.5, 11.5, 4.5, 13.5 ], "texture": "#texture" },
				"up": { "uv": [ 2.5, 2.5, 4.5, 4.5 ], "texture": "#texture" },
				"north": { "uv": [ 11.5, 8, 13.5, 12 ], "texture": "#texture" },
				"south": { "uv": [ 2.5, 8, 4.5, 12 ], "texture": "#texture" },
				"west": { "uv": [ 2.5, 8, 4.5, 12 ], "texture": "#texture" },
				"east": { "uv": [ 11.5, 8, 13.5, 12 ], "texture": "#texture" }
			}
		},
		{
			"__comment": "Box16",
			"from": [ 12, 8, 3 ],
			"to": [ 13, 13, 4 ],
			"faces": {
				"down": { "uv": [ 3, 12, 4, 13 ], "texture": "#texture" },
				"up": { "uv": [ 3, 3, 4, 4 ], "texture": "#texture" },
				"north": { "uv": [ 12, 3, 13, 8 ], "texture": "#texture" },
				"south": { "uv": [ 3, 3, 4, 8 ], "texture": "#texture" },
				"west": { "uv": [ 3, 3, 4, 8 ], "texture": "#texture" },
				"east": { "uv": [ 12, 3, 13, 8 ], "texture": "#texture" }
			}
		},
		{
			"__comment": "Box4",
			"from": [ 11, 1, 6.5 ],
			"to": [ 14, 4, 9.5 ],
			"faces": {
				"down": { "uv": [ 2, 11, 5, 14 ], "texture": "#texture" },
				"up": { "uv": [ 2, 2, 5, 5 ], "texture": "#texture" },
				"north": { "uv": [ 11, 12, 14, 15 ], "texture": "#texture" },
				"south": { "uv": [ 2, 12, 5, 15 ], "texture": "#texture" },
				"west": { "uv": [ 2, 12, 5, 15 ], "texture": "#texture" },
				"east": { "uv": [ 11, 12, 14, 15 ], "texture": "#texture" }
			}
		},
		{
			"__comment": "Box15",
			"from": [ 11.5, 4, 7 ],
			"to": [ 13.5, 8, 9 ],
			"faces": {
				"down": { "uv": [ 2.5, 11.5, 4.5, 13.5 ], "texture": "#texture" },
				"up": { "uv": [ 2.5, 2.5, 4.5, 4.5 ], "texture": "#texture" },
				"north": { "uv": [ 11.5, 8, 13.5, 12 ], "texture": "#texture" },
				"south": { "uv": [ 2.5, 8, 4.5, 12 ], "texture": "#texture" },
				"west": { "uv": [ 2.5, 8, 4.5, 12 ], "texture": "#texture" },
				"east": { "uv": [ 11.5, 8, 13.5, 12 ], "texture": "#texture" }
			}
		},
		{
			"__comment": "Box16",
			"from": [ 12, 8, 7.5 ],
			"to": [ 13, 13, 8.5 ],
			"faces": {
				"down": { "uv": [ 3, 12, 4, 13 ], "texture": "#texture" },
				"up": { "uv": [ 3, 3, 4, 4 ], "texture": "#texture" },
				"north": { "uv": [ 12, 3, 13, 8 ], "texture": "#texture" },
				"south": { "uv": [ 3, 3, 4, 8 ], "texture": "#texture" },
				"west": { "uv": [ 3, 3, 4, 8 ], "texture": "#texture" },
				"east": { "uv": [ 12, 3, 13, 8 ], "texture": "#texture" }
			}
		},
		{
			"__comment": "Box4",
			"from": [ 11, 1, 11 ],
			"to": [ 14, 4, 14 ],
			"faces": {
				"down": { "uv": [ 2, 11, 5, 14 ], "texture": "#texture" },
				"up": { "uv": [ 2, 2, 5, 5 ], "texture": "#texture" },
				"north": { "uv": [ 11, 12, 14, 15 ], "texture": "#texture" },
				"south": { "uv": [ 2, 12, 5, 15 ], "texture": "#texture" },
				"west": { "uv": [ 2, 12, 5, 15 ], "texture": "#texture" },
				"east": { "uv": [ 11, 12, 14, 15 ], "texture": "#texture" }
			}
		},
		{
			"__comment": "Box15",
			"from": [ 11.5, 4, 11.5 ],
			"to": [ 13.5, 8, 13.5 ],
			"faces": {
				"down": { "uv": [ 2.5, 11.5, 4.5, 13.5 ], "texture": "#texture" },
				"up": { "uv": [ 2.5, 2.5, 4.5, 4.5 ], "texture": "#texture" },
				"north": { "uv": [ 11.5, 8, 13.5, 12 ], "texture": "#texture" },
				"south": { "uv": [ 2.5, 8, 4.5, 12 ], "texture": "#texture" },
				"west": { "uv": [ 2.5, 8, 4.5, 12 ], "texture": "#texture" },
				"east": { "uv": [ 11.5, 8, 13.5, 12 ], "texture": "#texture" }
			}
		},
		{
			"__comment": "Box16",
			"from": [ 12, 8, 12 ],
			"to": [ 13, 13, 13 ],
			"faces": {
				"down": { "uv": [ 3, 12, 4, 13 ], "texture": "#texture" },
				"up": { "uv": [ 3, 3, 4, 4 ], "texture": "#texture" },
				"north": { "uv": [ 12, 3, 13, 8 ], "texture": "#texture" },
				"south": { "uv": [ 3, 3, 4, 8 ], "texture": "#texture" },
				"west": { "uv": [ 3, 3, 4, 8 ], "texture": "#texture" },
				"east": { "uv": [ 12, 3, 13, 8 ], "texture": "#texture" }
			}
		},
		{
			"__comment": "Box4",
			"from": [ 6.5, 1, 2 ],
			"to": [ 9.5, 4, 5 ],
			"faces": {
				"down": { "uv": [ 2, 11, 5, 14 ], "texture": "#texture" },
				"up": { "uv": [ 2, 2, 5, 5 ], "texture": "#texture" },
				"north": { "uv": [ 11, 12, 14, 15 ], "texture": "#texture" },
				"south": { "uv": [ 2, 12, 5, 15 ], "texture": "#texture" },
				"west": { "uv": [ 2, 12, 5, 15 ], "texture": "#texture" },
				"east": { "uv": [ 11, 12, 14, 15 ], "texture": "#texture" }
			}
		},
		{
			"__comment": "Box15",
			"from": [ 7, 4, 2.5 ],
			"to": [ 9, 8, 4.5 ],
			"faces": {
				"down": { "uv": [ 2.5, 11.5, 4.5, 13.5 ], "texture": "#texture" },
				"up": { "uv": [ 2.5, 2.5, 4.5, 4.5 ], "texture": "#texture" },
				"north": { "uv": [ 11.5, 8, 13.5, 12 ], "texture": "#texture" },
				"south": { "uv": [ 2.5, 8, 4.5, 12 ], "texture": "#texture" },
				"west": { "uv": [ 2.5, 8, 4.5, 12 ], "texture": "#texture" },
				"east": { "uv": [ 11.5, 8, 13.5, 12 ], "texture": "#texture" }
			}
		},
		{
			"__comment": "Box16",
			"from": [ 7.5, 8, 3 ],
			"to": [ 8.5, 13, 4 ],
			"faces": {
				"down": { "uv": [ 3, 12, 4, 13 ], "texture": "#texture" },
				"up": { "uv": [ 3, 3, 4, 4 ], "texture": "#texture" },
				"north": { "uv": [ 12, 3, 13, 8 ], "texture": "#texture" },
				"south": { "uv": [ 3, 3, 4, 8 ], "texture": "#texture" },
				"west": { "uv": [ 3, 3, 4, 8 ], "texture": "#texture" },
				"east": { "uv": [ 12, 3, 13, 8 ], "texture": "#texture" }
			}
		},
		{
			"__comment": "Box4",
			"from": [ 6.5, 1, 6.5 ],
			"to": [ 9.5, 4, 9.5 ],
			"faces": {
				"down": { "uv": [ 2, 11, 5, 14 ], "texture": "#texture" },
				"up": { "uv": [ 2, 2, 5, 5 ], "texture": "#texture" },
				"north": { "uv": [ 11, 12, 14, 15 ], "texture": "#texture" },
				"south": { "uv": [ 2, 12, 5, 15 ], "texture": "#texture" },
				"west": { "uv": [ 2, 12, 5, 15 ], "texture": "#texture" },
				"east": { "uv": [ 11, 12, 14, 15 ], "texture": "#texture" }
			}
		},
		{
			"__comment": "Box15",
			"from": [ 7, 4, 7 ],
			"to": [ 9, 8, 9 ],
			"faces": {
				"down": { "uv": [ 2.5, 11.5, 4.5, 13.5 ], "texture": "#texture" },
				"up": { "uv": [ 2.5, 2.5, 4.5, 4.5 ], "texture": "#texture" },
				"north": { "uv": [ 11.5, 8, 13.5, 12 ], "texture": "#texture" },
				"south": { "uv": [ 2.5, 8, 4.5, 12 ], "texture": "#texture" },
				"west": { "uv": [ 2.5, 8, 4.5, 12 ], "texture": "#texture" },
				"east": { "uv": [ 11.5, 8, 13.5, 12 ], "texture": "#texture" }
			}
		},
		{
			"__comment": "Box16",
			"from": [ 7.5, 8, 7.5 ],
			"to": [ 8.5, 13, 8.5 ],
			"faces": {
				"down": { "uv": [ 3, 12, 4, 13 ], "texture": "#texture" },
				"up": { "uv": [ 3, 3, 4, 4 ], "texture": "#texture" },
				"north": { "uv": [ 12, 3, 13, 8 ], "texture": "#texture" },
				"south": { "uv": [ 3, 3, 4, 8 ], "texture": "#texture" },
				"west": { "uv": [ 3, 3, 4, 8 ], "texture": "#texture" },
				"east": { "uv": [ 12, 3, 13, 8 ], "texture": "#texture" }
			}
		},
		{
			"__comment": "Box4",
			"from": [ 6.5, 1, 11 ],
			"to": [ 9.5, 4, 14 ],
			"faces": {
				"down": { "uv": [ 2, 11, 5, 14 ], "texture": "#texture" },
				"up": { "uv": [ 2, 2, 5, 5 ], "texture": "#texture" },
				"north": { "uv": [ 11, 12, 14, 15 ], "texture": "#texture" },
				"south": { "uv": [ 2, 12, 5, 15 ], "texture": "#texture" },
				"west": { "uv": [ 2, 12, 5, 15 ], "texture": "#texture" },
				"east": { "uv": [ 11, 12, 14, 15 ], "texture": "#texture" }
			}
		},
		{
			"__comment": "Box15",
			"from": [ 7, 4, 11.5 ],
			"to": [ 9, 8, 13.5 ],
			"faces": {
				"down": { "uv": [ 2.5, 11.5, 4.5, 13.5 ], "texture": "#texture" },
				"up": { "uv": [ 2.5, 2.5, 4.5, 4.5 ], "texture": "#texture" },
				"north": { "uv": [ 11.5, 8, 13.5, 12 ], "texture": "#texture" },
				"south": { "uv": [ 2.5, 8, 4.5, 12 ], "texture": "#texture" },
				"west": { "uv": [ 2.5, 8, 4.5, 12 ], "texture": "#texture" },
				"east": { "uv": [ 11.5, 8, 13.5, 12 ], "texture": "#texture" }
			}
		},
		{
			"__comment": "Box16",
			"from": [ 7.5, 8, 12 ],
			"to": [ 8.5, 13, 13 ],
			"faces": {
				"down": { "uv": [ 3, 12, 4, 13 ], "texture": "#texture" },
				"up": { "uv": [ 3, 3, 4, 4 ], "texture": "#texture" },
				"north": { "uv": [ 12, 3, 13, 8 ], "texture": "#texture" },
				"south": { "uv": [ 3, 3, 4, 8 ], "texture": "#texture" },
				"west": { "uv": [ 3, 3, 4, 8 ], "texture": "#texture" },
				"east": { "uv": [ 12, 3, 13, 8 ], "texture": "#texture" }
			}
		}
	],
	"display": {
		"thirdperson_righthand": {
			"rotation":  [ 75, 45, 0 ],
			"translation":  [ 0, 2.5, 0 ],
			"scale":  [ 0.375, 0.375, 0.375 ]
		},
		"thirdperson_lefthand": {
			"rotation":  [ 75, 45, 0 ],
			"translation":  [ 0, 2.5, 0 ],
			"scale":  [ 0.375, 0.375, 0.375 ]
		},
		"firstperson_righthand": {
			"rotation":  [ 0, 45, 0 ],
			"scale":  [ 0.4, 0.4, 0.4 ]
		},
		"firstperson_lefthand": {
			"rotation":  [ 0, 45, 0 ],
			"scale":  [ 0.4, 0.4, 0.4 ]
		},
		"gui": {
			"rotation":  [ 30, 225, 0 ],
			"scale":  [ 0.625, 0.625, 0.625 ]
		},
		"ground": {
			"translation":  [ 0, 3, 0 ],
			"scale":  [ 0.25, 0.25, 0.25 ]
		},
		"fixed": {
			"scale":  [ 0.5, 0.5, 0.5 ]
		}
	}
}