{
	"__comment": "Designed by Inzhefop with Cubik Studio - https://cubik.studio",
	"textures": {
		"particle": "blocks/e_particle",
		"texture": "trash-can"
	},
	"elements": [ 	 
		{
			"__comment": "Box1",
			"from": [ 2, 0, 2 ],
			"to": [ 14, 10, 14 ],
			"faces": {
				"down": { "uv": [ 1, 9, 7, 15 ], "texture": "#texture", "rotation": 90 },
				"up": { "uv": [ 1, 9, 7, 15 ], "texture": "#texture", "rotation": 90 },
				"north": { "uv": [ 1, 3, 7, 8 ], "texture": "#texture" },
				"south": { "uv": [ 1, 3, 7, 8 ], "texture": "#texture" },
				"west": { "uv": [ 1, 3, 7, 8 ], "texture": "#texture" },
				"east": { "uv": [ 1, 3, 7, 8 ], "texture": "#texture" }
			}
		},
		{
			"__comment": "Box2",
			"from": [ 1, 10, 1 ],
			"to": [ 15, 14, 15 ],
			"faces": {
				"down": { "uv": [ 8.5, 0.5, 15.5, 7.5 ], "texture": "#texture" },
				"up": { "uv": [ 8.5, 0.5, 15.5, 7.5 ], "texture": "#texture" },
				"north": { "uv": [ 0.5, 1, 7.5, 3 ], "texture": "#texture" },
				"south": { "uv": [ 0.5, 1, 7.5, 3 ], "texture": "#texture" },
				"west": { "uv": [ 0.5, 1, 7.5, 3 ], "texture": "#texture" },
				"east": { "uv": [ 0.5, 1, 7.5, 3 ], "texture": "#texture" }
			}
		},
		{
			"__comment": "Box3",
			"from": [ 5, 14, 6 ],
			"to": [ 11, 15, 10 ],
			"faces": {
				"down": { "uv": [ 5, 6, 11, 10 ], "texture": "#texture" },
				"up": { "uv": [ 10.5, 3, 13.5, 5 ], "texture": "#texture" },
				"north": { "uv": [ 2.5, 0.5, 5.5, 1 ], "texture": "#texture" },
				"south": { "uv": [ 2.5, 0.5, 5.5, 1 ], "texture": "#texture" },
				"west": { "uv": [ 2.5, 0.5, 4.5, 1 ], "texture": "#texture" },
				"east": { "uv": [ 2.5, 0.5, 4.5, 1 ], "texture": "#texture" }
			}
		}
	],
	"display": {
		"thirdperson_righthand": {
			"rotation":  [ 75, 45, 0 ],
			"translation":  [ 0, 2.5, 0 ],
			"scale":  [ 0.375, 0.375, 0.375 ]
		},
		"thirdperson_lefthand": {
			"rotation":  [ 75, 45, 0 ],
			"translation":  [ 0, 2.5, 0 ],
			"scale":  [ 0.375, 0.375, 0.375 ]
		},
		"firstperson_righthand": {
			"rotation":  [ 0, 45, 0 ],
			"scale":  [ 0.4, 0.4, 0.4 ]
		},
		"firstperson_lefthand": {
			"rotation":  [ 0, 45, 0 ],
			"scale":  [ 0.4, 0.4, 0.4 ]
		},
		"gui": {
			"rotation":  [ 30, 225, 0 ],
			"scale":  [ 0.625, 0.625, 0.625 ]
		},
		"ground": {
			"translation":  [ 0, 3, 0 ],
			"scale":  [ 0.25, 0.25, 0.25 ]
		},
		"fixed": {
			"scale":  [ 0.5, 0.5, 0.5 ]
		}
	}
}